compound,CRtm,CRd,CRx,QNtm,QNd,QNx,CNtm,CNd,CNx,NVEtm,NVEd,NVEx,AVEtmx,DVEtm,DVEd,DVEx,WFtm,WFd,WFx,Covh,ZRstm,ZRptm,ZRdtm,ZRsd,ZRpd,ZRdd,ZRsx,ZRpx,MPdtm,MPdd,MPdx,MPvtm,MPvd,MPvx,IEtm,IEd,IEx,EAtm,EAd,EAx,MENtm,MENd,MENx,SPCRtm,SPCRd,SPCRx,BCVRtm,BCVRd,BCVRx,Ztm,Zd,Zx,PENtm,PENd,PENx,Gtm,Gx,ARtm,ARd,ARx,DPtm,DPd,DPx,OXtm,OXd,OXx,Wtm,Wd,Wx,MRtm,MRd,MRx,MPtm,MPd,MPx,BPtm,BPd,BPx,HFtm,HFd,HFx,¥ñtm,¥ñd,¥ñx,target
Sc@CrS2,1.18,1.44,1.04,4,4,3,6,6,3,6,3,6,3,1.33,2.21,1.44,4.5,3.5,6.2,0.04,1.07,1.37,0.25,1.22,1.53,0.31,0.54,0.56,1.73,1.27,1.46,4.65,3.25,5.6,6.76651,6.56,10.36001,0.67584,0.188,2.0771029,3.721175,3.374,6.21855645,0.69,0.885,1.7,2.05,2.3,1.8,24,21,16,1.66,1.36,2.58,6,16,166,184,88,83,97,19.4,2,3,-2,52,44.96,32.07,129,164,127,2180,1814,388.4,2944,3103,718,20.5,16,1.73,7.14,2.99,1.96,0.28
Ti@CrS2,1.18,1.32,1.04,4,4,3,6,6,3,6,4,6,3,1.33,1.81,1.44,4.5,4.3,6.2,0.04,1.07,1.37,0.25,1.15,1.43,0.28,0.54,0.56,1.73,1.47,1.46,4.65,3.65,5.6,6.77,6.83,10.36,0.68,0.08,2.08,3.72,3.455,6.22,0.69,0.745,1.7,2.05,2.15,1.8,24,22,16,1.66,1.54,2.58,6,16,166,176,88,83,100,19.4,2,2,-2,52,47.87,32.07,129,147,127,2180,1941,388.4,2944,3560,718,20.5,18.7,1.73,7.14,4.51,1.96,0.28
V@CrS2,1.18,1.22,1.04,4,4,3,6,6,3,6,5,6,3,1.33,1.61,1.44,4.5,4.3,6.2,0.04,1.07,1.37,0.25,1.09,1.34,0.26,0.54,0.56,1.73,1.64,1.46,4.65,4.25,5.6,6.77,6.75,10.36,0.68,0.53,2.08,3.72,3.64,6.22,0.69,0.72,1.7,2.05,2.05,1.8,24,23,16,1.66,1.63,2.58,6,16,166,171,88,83,87,19.4,2,2,-2,52,50.94,32.07,129,135,127,2180,2183,388.4,2944,3680,718,20.5,22.8,1.73,7.14,6.11,1.96,0.24
Cr@CrS2,1.18,1.18,1.04,4,4,3,6,6,3,6,6,6,3,1.33,1.33,1.44,4.5,4.5,6.2,0.04,1.07,1.37,0.25,1.07,1.37,0.25,0.54,0.56,1.73,1.73,1.46,4.65,4.65,5.6,6.77,6.77,10.36,0.68,0.68,2.08,3.72,3.725,6.22,0.69,0.69,1.7,2.05,2.05,1.8,24,24,16,1.66,1.66,2.58,6,16,166,166,88,83,83,19.4,2,2,-2,52,52,32.07,129,129,127,2180,2180,388.4,2944,2944,718,20.5,20.5,1.73,7.14,7.14,1.96,1.34
Mn@CrS2,1.18,1.17,1.04,4,4,3,6,6,3,6,7,6,3,1.33,1.26,1.44,4.5,4.1,6.2,0.04,1.07,1.37,0.25,0.99,1.23,0.23,0.54,0.56,1.73,1.61,1.46,4.65,4.45,5.6,6.77,7.43,10.36,0.68,0,2.08,3.72,3.715,6.22,0.69,0.67,1.7,2.05,2.05,1.8,24,25,16,1.66,1.55,2.58,6,16,166,161,88,83,68,19.4,2,2,-2,52,54.94,32.07,129,127,127,2180,1519,388.4,2944,2334,718,20.5,13.2,1.73,7.14,7.47,1.96,0.92
Fe@CrS2,1.18,1.16,1.04,4,4,3,6,6,3,6,8,6,3,1.33,1.16,1.44,4.5,4.5,6.2,0.04,1.07,1.37,0.25,0.95,1.16,0.22,0.54,0.56,1.73,1.77,1.46,4.65,4.93,5.6,6.77,7.9,10.36,0.68,0.15,2.08,3.72,4.025,6.22,0.69,0.725,1.7,2.05,2.05,1.8,24,26,16,1.66,1.83,2.58,6,16,166,156,88,83,62,19.4,2,2,-2,52,55.85,32.07,129,126,127,2180,1811,388.4,2944,3134,718,20.5,13.8,1.73,7.14,7.87,1.96,0.6
Co@CrS2,1.18,1.16,1.04,4,4,3,6,6,3,6,9,6,3,1.33,1.14,1.44,4.5,5,6.2,0.04,1.07,1.37,0.25,0.92,1.1,0.21,0.54,0.56,1.73,1.75,1.46,4.65,5.1,5.6,6.77,7.88,10.36,0.68,0.66,2.08,3.72,4.27,6.22,0.69,0.67,1.7,2.05,2,1.8,24,27,16,1.66,1.88,2.58,6,16,166,152,88,83,55,19.4,2,2,-2,52,58.93,32.07,129,125,127,2180,1768,388.4,2944,3200,718,20.5,16.2,1.73,7.14,8.9,1.96,0.13
Ni@CrS2,1.18,1.15,1.04,4,4,3,6,6,3,6,10,6,3,1.33,2.9,1.44,4.5,5.1,6.2,0.04,1.07,1.37,0.25,0.96,1.22,0.195,0.54,0.56,1.73,1.75,1.46,4.65,5.2,5.6,6.77,7.64,10.36,0.68,1.16,2.08,3.72,4.4,6.22,0.69,0.62,1.7,2.05,2,1.8,24,28,16,1.66,1.91,2.58,6,16,166,149,88,83,49,19.4,2,2,-2,52,58.69,32.07,129,125,127,2180,1728,388.4,2944,3186,718,20.5,17.2,1.73,7.14,8.91,1.96,-0.43
Cu@CrS2,1.18,1.17,1.04,4,4,3,6,6,3,6,11,6,3,1.33,2.55,1.44,4.5,4.6,6.2,0.04,1.07,1.37,0.25,0.88,1.16,0.185,0.54,0.56,1.73,1.47,1.46,4.65,4.55,5.6,6.77,7.73,10.36,0.68,1.24,2.08,3.72,4.485,6.22,0.69,0.68,1.7,2.05,2,1.8,24,29,16,1.66,1.9,2.58,6,16,166,145,88,83,47,19.4,2,1,-2,52,63.55,32.07,129,128,127,2180,1357.8,388.4,2944,3200,718,20.5,13.1,1.73,7.14,8.92,1.96,-0.28
Zn@CrS2,1.18,1.25,1.04,4,4,3,6,6,3,6,12,6,3,1.33,2.21,1.44,4.5,4.2,6.2,0.04,1.07,1.37,0.25,0.82,1.06,0.175,0.54,0.56,1.73,1.32,1.46,4.65,4.1,5.6,6.77,9.39,10.36,0.68,0,2.08,3.72,4.695,6.22,0.69,0.88,1.7,2.05,2.1,1.8,24,30,16,1.66,1.65,2.58,6,16,166,142,88,83,38.7,19.4,2,2,-2,52,65.38,32.07,129,136,127,2180,692.7,388.4,2944,1180,718,20.5,7.35,1.73,7.14,7.14,1.96,-0.37
Y@CrS2,1.18,1.62,1.04,4,5,3,6,6,3,6,3,6,3,1.33,2.42,1.44,4.5,3.1,6.2,0.04,1.07,1.37,0.25,1.32,1.62,0.58,0.54,0.56,1.73,1.21,1.46,4.65,3.2,5.6,6.77,6.22,10.36,0.68,0.31,2.08,3.72,3.265,6.22,0.69,1.04,1.7,2.05,2.4,1.8,24,39,16,1.66,1.22,2.58,6,16,166,212,88,83,162,19.4,2,3,-2,52,88.91,32.07,129,180,127,2180,1799,388.4,2944,3609,718,20.5,11.4,1.73,7.14,4.47,1.96,0.31
Zr@CrS2,1.18,1.45,1.04,4,5,3,6,6,3,6,4,6,3,1.33,1.96,1.44,4.5,4,6.2,0.04,1.07,1.37,0.25,1.265,1.56,0.54,0.54,0.56,1.73,1.39,1.46,4.65,3.4,5.6,6.77,6.63,10.36,0.68,0.43,2.08,3.72,3.53,6.22,0.69,0.86,1.7,2.05,2.3,1.8,24,40,16,1.66,1.33,2.58,6,16,166,206,88,83,112,19.4,2,4,-2,52,91.22,32.07,129,160,127,2180,2128,388.4,2944,4682,718,20.5,21,1.73,7.14,6.51,1.96,0.33
Nb@CrS2,1.18,1.34,1.04,4,5,3,6,6,3,6,5,6,3,1.33,1.75,1.44,4.5,4.3,6.2,0.04,1.07,1.37,0.25,1.23,1.53,0.51,0.54,0.56,1.73,1.62,1.46,4.65,4,5.6,6.77,6.76,10.36,0.68,0.89,2.08,3.72,3.825,6.22,0.69,0.82,1.7,2.05,2.15,1.8,24,41,16,1.66,1.6,2.58,6,16,166,198,88,83,98,19.4,2,3,-2,52,92.91,32.07,129,146,127,2180,2750,388.4,2944,5017,718,20.5,26.8,1.73,7.14,8.57,1.96,0.34
Mo@CrS2,1.18,1.29,1.04,4,5,3,6,6,3,6,6,6,3,1.33,1.46,1.44,4.5,4.6,6.2,0.04,1.07,1.37,0.25,1.22,1.5,0.49,0.54,0.56,1.73,1.77,1.46,4.65,4.65,5.6,6.77,7.09,10.36,0.68,0.75,2.08,3.72,3.92,6.22,0.69,0.79,1.7,2.05,2.1,1.8,24,42,16,1.66,2.16,2.58,6,16,166,190,88,83,87,19.4,2,3,-2,52,95.96,32.07,129,139,127,2180,2896,388.4,2944,4912,718,20.5,36,1.73,7.14,10.28,1.96,1.42
Tc@CrS2,1.18,1.27,1.04,4,5,3,6,6,3,6,7,6,3,1.33,1.35,1.44,4.5,4.82,6.2,0.04,1.07,1.37,0.25,1.16,1.49,0.455,0.54,0.56,1.73,1.81,1.46,4.65,5.3,5.6,6.77,7.28,10.36,0.68,0.55,2.08,3.72,3.915,6.22,0.69,0.785,1.7,2.05,2.05,1.8,24,43,16,1.66,1.9,2.58,6,16,166,183,88,83,79,19.4,2,4,-2,52,98,32.07,129,136,127,2180,2430,388.4,2944,4538,718,20.5,23,1.73,7.14,11.5,1.96,1.46
Ru@CrS2,1.18,1.24,1.04,4,5,3,6,6,3,6,8,6,3,1.33,1.29,1.44,4.5,4.6,6.2,0.04,1.07,1.37,0.25,1.145,1.46,0.45,0.54,0.56,1.73,1.83,1.46,4.65,5.4,5.6,6.77,7.36,10.36,0.68,1.05,2.08,3.72,4.205,6.22,0.69,0.76,1.7,2.05,2.05,1.8,24,44,16,1.66,2.2,2.58,6,16,166,178,88,83,72,19.4,2,3,-2,52,101.07,32.07,129,134,127,2180,2607,388.4,2944,4423,718,20.5,25.7,1.73,7.14,12.37,1.96,1.1
Rh@CrS2,1.18,1.25,1.04,4,5,3,6,6,3,6,9,6,3,1.33,1.24,1.44,4.5,4.8,6.2,0.04,1.07,1.37,0.25,1.11,1.41,0.42,0.54,0.56,1.73,1.76,1.46,4.65,5.4,5.6,6.77,7.46,10.36,0.68,1.14,2.08,3.72,4.3,6.22,0.69,0.74,1.7,2.05,2,1.8,24,45,16,1.66,2.28,2.58,6,16,166,173,88,83,66,19.4,2,3,-2,52,102.91,32.07,129,134,127,2180,2237,388.4,2944,3968,718,20.5,21.7,1.73,7.14,12.45,1.96,0.07
Pd@CrS2,1.18,1.28,1.04,4,5,3,6,6,3,6,10,6,3,1.33,3.2,1.44,4.5,5.5,6.2,0.04,1.07,1.37,0.25,1.08,1.37,0.4,0.54,0.56,1.73,1.67,1.46,4.65,5.45,5.6,6.77,8.34,10.36,0.68,0.56,2.08,3.72,4.45,6.22,0.69,0.755,1.7,2.05,2.05,1.8,24,46,16,1.66,2.2,2.58,6,16,166,169,88,83,26.1,19.4,2,2,-2,52,106.42,32.07,129,137,127,2180,1828.1,388.4,2944,3236,718,20.5,16.7,1.73,7.14,12.02,1.96,-0.39
Ag@CrS2,1.18,1.34,1.04,4,5,3,6,6,3,6,11,6,3,1.33,2.9,1.44,4.5,4,6.2,0.04,1.07,1.37,0.25,1.045,1.33,0.385,0.54,0.56,1.73,1.39,1.46,4.65,4.45,5.6,6.77,7.58,10.36,0.68,1.3,2.08,3.72,4.44,6.22,0.69,0.89,1.7,2.05,2.1,1.8,24,47,16,1.66,1.93,2.58,6,16,166,165,88,83,55,19.4,2,1,-2,52,107.87,32.07,129,144,127,2180,1234.9,388.4,2944,2435,718,20.5,11.3,1.73,7.14,10.49,1.96,-0.17
Cd@CrS2,1.18,1.41,1.04,4,5,3,6,6,3,6,12,6,3,1.33,2.4,1.44,4.5,4.1,6.2,0.04,1.07,1.37,0.25,0.985,1.23,0.37,0.54,0.56,1.73,1.24,1.46,4.65,4.05,5.6,6.77,8.99,10.36,0.68,0,2.08,3.72,4.495,6.22,0.69,1.09,1.7,2.05,2.2,1.8,24,48,16,1.66,1.69,2.58,6,16,166,161,88,83,46,19.4,2,2,-2,52,112.44,32.07,129,151,127,2180,594.2,388.4,2944,1040,718,20.5,6.3,1.73,7.14,8.65,1.96,-0.2
Lu@CrS2,1.18,1.56,1.04,4,6,3,6,6,3,6,3,6,3,1.33,1.94,1.44,4.5,3.1,6.2,0.04,1.07,1.37,0.25,1.36,1.66,0.66,0.54,0.56,1.73,1.24,1.46,4.65,3,5.6,6.77,5.43,10.36,0.68,0.34,2.08,3.72,2.885,6.22,0.69,1,1.7,2.05,2.4,1.8,24,71,16,1.66,1.27,2.58,6,16,166,217,88,83,137,19.4,2,3,-2,52,174.97,32.07,129,173,127,2180,1925,388.4,2944,3675,718,20.5,22,1.73,7.14,9.84,1.96,0.31
Hf@CrS2,1.18,1.44,1.04,4,6,3,6,6,3,6,4,6,3,1.33,1.88,1.44,4.5,3.9,6.2,0.04,1.07,1.37,0.25,1.3,1.61,0.63,0.54,0.56,1.73,1.43,1.46,4.65,3.55,5.6,6.77,6.83,10.36,0.68,0,2.08,3.72,3.415,6.22,0.69,0.85,1.7,2.05,2.25,1.8,24,72,16,1.66,1.3,2.58,6,16,166,208,88,83,103,19.4,2,4,-2,52,178.49,32.07,129,159,127,2180,2506,388.4,2944,4876,718,20.5,25.5,1.73,7.14,13.31,1.96,0.36
Ta@CrS2,1.18,1.34,1.04,4,6,3,6,6,3,6,5,6,3,1.33,1.7,1.44,4.5,4.1,6.2,0.04,1.07,1.37,0.25,1.25,1.54,0.605,0.54,0.56,1.73,1.63,1.46,4.65,4.05,5.6,6.77,7.55,10.36,0.68,0.32,2.08,3.72,3.935,6.22,0.69,0.82,1.7,2.05,2.2,1.8,24,73,16,1.66,1.5,2.58,6,16,166,200,88,83,74,19.4,2,3,-2,52,180.95,32.07,129,146,127,2180,3290,388.4,2944,5731,718,20.5,36,1.73,7.14,16.65,1.96,0.37
W@CrS2,1.18,1.3,1.04,4,6,3,6,6,3,6,6,6,3,1.33,1.5,1.44,4.5,4.5,6.2,0.04,1.07,1.37,0.25,1.22,1.515,0.59,0.54,0.56,1.73,1.81,1.46,4.65,4.8,5.6,6.77,7.86,10.36,0.68,0.82,2.08,3.72,4.34,6.22,0.69,0.8,1.7,2.05,2.1,1.8,24,74,16,1.66,2.36,2.58,6,16,166,193,88,83,68,19.4,2,4,-2,52,183.84,32.07,129,139,127,2180,3695,388.4,2944,5828,718,20.5,35,1.73,7.14,19.25,1.96,1.44
Re@CrS2,1.18,1.28,1.04,4,6,3,6,6,3,6,7,6,3,1.33,1.36,1.44,4.5,5,6.2,0.04,1.07,1.37,0.25,1.19,1.49,0.565,0.54,0.56,1.73,1.86,1.46,4.65,5.4,5.6,6.77,7.83,10.36,0.68,0.15,2.08,3.72,3.99,6.22,0.69,0.77,1.7,2.05,2.05,1.8,24,75,16,1.66,1.9,2.58,6,16,166,188,88,83,62,19.4,2,4,-2,52,186.21,32.07,129,137,127,2180,3459,388.4,2944,5869,718,20.5,33,1.73,7.14,21.02,1.96,1.55
Os@CrS2,1.18,1.26,1.04,4,6,3,6,6,3,6,8,6,3,1.33,1.31,1.44,4.5,4.7,6.2,0.04,1.07,1.37,0.25,1.17,1.48,0.543,0.54,0.56,1.73,1.85,1.46,4.65,5.4,5.6,6.77,8.44,10.36,0.68,1.08,2.08,3.72,4.76,6.22,0.69,0.77,1.7,2.05,2,1.8,24,76,16,1.66,2.2,2.58,6,16,166,185,88,83,57,19.4,2,4,-2,52,190.23,32.07,129,135,127,2180,3306,388.4,2944,5285,718,20.5,31,1.73,7.14,22.61,1.96,1.23
Ir@CrS2,1.18,1.26,1.04,4,6,3,6,6,3,6,9,6,3,1.33,1.24,1.44,4.5,5.3,6.2,0.04,1.07,1.37,0.25,1.16,1.468,0.526,0.54,0.56,1.73,1.83,1.46,4.65,5.55,5.6,6.77,8.97,10.36,0.68,1.56,2.08,3.72,5.265,6.22,0.69,0.765,1.7,2.05,2,1.8,24,77,16,1.66,2.2,2.58,6,16,166,180,88,83,54,19.4,2,3,-2,52,192.22,32.07,129,136,127,2180,2739,388.4,2944,4701,718,20.5,26,1.73,7.14,22.65,1.96,0.09
Pt@CrS2,1.18,1.29,1.04,4,6,3,6,6,3,6,10,6,3,1.33,3.24,1.44,4.5,5.6,6.2,0.04,1.07,1.37,0.25,1.24,1.46,0.51,0.54,0.56,1.73,1.78,1.46,4.65,5.65,5.6,6.77,8.96,10.36,0.68,2.13,2.08,3.72,5.545,6.22,0.69,0.765,1.7,2.05,2.05,1.8,24,78,16,1.66,2.28,2.58,6,16,166,177,88,83,48,19.4,2,2,-2,52,195.08,32.07,129,139,127,2180,2041.4,388.4,2944,4098,718,20.5,20,1.73,7.14,21.09,1.96,-0.39
Au@CrS2,1.18,1.34,1.04,4,6,3,6,6,3,6,11,6,3,1.33,2.92,1.44,4.5,5.1,6.2,0.04,1.07,1.37,0.25,1.21,1.45,0.488,0.54,0.56,1.73,1.57,1.46,4.65,5.15,5.6,6.77,9.23,10.36,0.68,2.31,2.08,3.72,5.77,6.22,0.69,0.99,1.7,2.05,2.1,1.8,24,79,16,1.66,2.54,2.58,6,16,166,174,88,83,36,19.4,2,1,-2,52,196.97,32.07,129,144,127,2180,1337.3,388.4,2944,3129,718,20.5,12.5,1.73,7.14,19.3,1.96,-0.7
Hg@CrS2,1.18,1.44,1.04,4,6,3,6,6,3,6,12,6,3,1.33,2.39,1.44,4.5,4.5,6.2,0.04,1.07,1.37,0.25,1.07,1.34,0.475,0.54,0.56,1.73,1.24,1.46,4.65,4.2,5.6,6.77,10.44,10.36,0.68,0,2.08,3.72,5.22,6.22,0.69,1.16,1.7,2.05,2.05,1.8,24,80,16,1.66,2,2.58,6,16,166,171,88,83,33.9,19.4,2,1,-2,52,200.59,32.07,129,151,127,2180,234.3,388.4,2944,629.88,718,20.5,2.29,1.73,7.14,14.19,1.96,-0.6
Sc@MoS2,1.29,1.44,1.04,5,4,3,6,6,3,6,3,6,3,1.46,2.21,1.44,4.6,3.5,6.2,0.04,1.22,1.5,0.49,1.22,1.53,0.31,0.54,0.56,1.77,1.27,1.46,4.65,3.25,5.6,7.09,6.56,10.36,0.75,0.19,2.08,3.92,3.375,6.22,0.79,0.885,1.7,2.1,2.3,1.8,42,21,16,2.16,1.36,2.58,6,16,190,184,88,87,97,19.4,3,3,-2,95.96,44.96,32.07,139,164,127,2896,1814,388.4,4912,3103,718,36,16,1.73,10.28,2.99,1.96,0.22
Ti@MoS2,1.29,1.32,1.04,5,4,3,6,6,3,6,4,6,3,1.46,1.81,1.44,4.6,4.3,6.2,0.04,1.22,1.5,0.49,1.15,1.43,0.28,0.54,0.56,1.77,1.47,1.46,4.65,3.65,5.6,7.09,6.83,10.36,0.75,0.08,2.08,3.92,3.455,6.22,0.79,0.745,1.7,2.1,2.15,1.8,42,22,16,2.16,1.54,2.58,6,16,190,176,88,87,100,19.4,3,2,-2,95.96,47.87,32.07,139,147,127,2896,1941,388.4,4912,3560,718,36,18.7,1.73,10.28,4.51,1.96,0.31
V@MoS2,1.29,1.22,1.04,5,4,3,6,6,3,6,5,6,3,1.46,1.61,1.44,4.6,4.3,6.2,0.04,1.22,1.5,0.49,1.09,1.34,0.26,0.54,0.56,1.77,1.64,1.46,4.65,4.25,5.6,7.09,6.75,10.36,0.75,0.53,2.08,3.92,3.64,6.22,0.79,0.72,1.7,2.1,2.05,1.8,42,23,16,2.16,1.63,2.58,6,16,190,171,88,87,87,19.4,3,2,-2,95.96,50.94,32.07,139,135,127,2896,2183,388.4,4912,3680,718,36,22.8,1.73,10.28,6.11,1.96,0.24
Cr@MoS2,1.29,1.18,1.04,5,4,3,6,6,3,6,6,6,3,1.46,1.33,1.44,4.6,4.5,6.2,0.04,1.22,1.5,0.49,1.07,1.37,0.25,0.54,0.56,1.77,1.73,1.46,4.65,4.65,5.6,7.09,6.77,10.36,0.75,0.68,2.08,3.92,3.725,6.22,0.79,0.69,1.7,2.1,2.05,1.8,42,24,16,2.16,1.66,2.58,6,16,190,166,88,87,83,19.4,3,2,-2,95.96,52,32.07,139,129,127,2896,2180,388.4,4912,2944,718,36,20.5,1.73,10.28,7.14,1.96,1.58
Mn@MoS2,1.29,1.17,1.04,5,4,3,6,6,3,6,7,6,3,1.46,1.26,1.44,4.6,4.1,6.2,0.04,1.22,1.5,0.49,0.99,1.23,0.23,0.54,0.56,1.77,1.61,1.46,4.65,4.45,5.6,7.09,7.43,10.36,0.75,0,2.08,3.92,3.715,6.22,0.79,0.67,1.7,2.1,2.05,1.8,42,25,16,2.16,1.55,2.58,6,16,190,161,88,87,68,19.4,3,2,-2,95.96,54.94,32.07,139,127,127,2896,1519,388.4,4912,2334,718,36,13.2,1.73,10.28,7.47,1.96,0.74
Fe@MoS2,1.29,1.16,1.04,5,4,3,6,6,3,6,8,6,3,1.46,1.16,1.44,4.6,4.5,6.2,0.04,1.22,1.5,0.49,0.95,1.16,0.22,0.54,0.56,1.77,1.77,1.46,4.65,4.93,5.6,7.09,7.9,10.36,0.75,0.15,2.08,3.92,4.025,6.22,0.79,0.725,1.7,2.1,2.05,1.8,42,26,16,2.16,1.83,2.58,6,16,190,156,88,87,62,19.4,3,2,-2,95.96,55.85,32.07,139,126,127,2896,1811,388.4,4912,3134,718,36,13.8,1.73,10.28,7.87,1.96,0.21
Co@MoS2,1.29,1.16,1.04,5,4,3,6,6,3,6,9,6,3,1.46,1.14,1.44,4.6,5,6.2,0.04,1.22,1.5,0.49,0.92,1.1,0.21,0.54,0.56,1.77,1.75,1.46,4.65,5.1,5.6,7.09,7.88,10.36,0.75,0.66,2.08,3.92,4.27,6.22,0.79,0.67,1.7,2.1,2,1.8,42,27,16,2.16,1.88,2.58,6,16,190,152,88,87,55,19.4,3,2,-2,95.96,58.93,32.07,139,125,127,2896,1768,388.4,4912,3200,718,36,16.2,1.73,10.28,8.9,1.96,-0.34
Ni@MoS2,1.29,1.15,1.04,5,4,3,6,6,3,6,10,6,3,1.46,2.9,1.44,4.6,5.1,6.2,0.04,1.22,1.5,0.49,0.96,1.22,0.195,0.54,0.56,1.77,1.75,1.46,4.65,5.2,5.6,7.09,7.64,10.36,0.75,1.16,2.08,3.92,4.4,6.22,0.79,0.62,1.7,2.1,2,1.8,42,28,16,2.16,1.91,2.58,6,16,190,149,88,87,49,19.4,3,2,-2,95.96,58.69,32.07,139,125,127,2896,1728,388.4,4912,3186,718,36,17.2,1.73,10.28,8.91,1.96,-0.72
Cu@MoS2,1.29,1.17,1.04,5,4,3,6,6,3,6,11,6,3,1.46,2.55,1.44,4.6,4.6,6.2,0.04,1.22,1.5,0.49,0.88,1.16,0.185,0.54,0.56,1.77,1.47,1.46,4.65,4.55,5.6,7.09,7.73,10.36,0.75,1.24,2.08,3.92,4.485,6.22,0.79,0.68,1.7,2.1,2,1.8,42,29,16,2.16,1.9,2.58,6,16,190,145,88,87,47,19.4,3,1,-2,95.96,63.55,32.07,139,128,127,2896,1357.8,388.4,4912,3200,718,36,13.1,1.73,10.28,8.92,1.96,-0.46
Zn@MoS2,1.29,1.25,1.04,5,4,3,6,6,3,6,12,6,3,1.46,2.21,1.44,4.6,4.2,6.2,0.04,1.22,1.5,0.49,0.82,1.06,0.175,0.54,0.56,1.77,1.32,1.46,4.65,4.1,5.6,7.09,9.39,10.36,0.75,0,2.08,3.92,4.695,6.22,0.79,0.88,1.7,2.1,2.1,1.8,42,30,16,2.16,1.65,2.58,6,16,190,142,88,87,38.7,19.4,3,2,-2,95.96,65.38,32.07,139,136,127,2896,692.7,388.4,4912,1180,718,36,7.35,1.73,10.28,7.14,1.96,-0.21
Y@MoS2,1.29,1.62,1.04,5,5,3,6,6,3,6,3,6,3,1.46,2.42,1.44,4.6,3.1,6.2,0.04,1.22,1.5,0.49,1.32,1.62,0.58,0.54,0.56,1.77,1.21,1.46,4.65,3.2,5.6,7.09,6.22,10.36,0.75,0.31,2.08,3.92,3.265,6.22,0.79,1.04,1.7,2.1,2.4,1.8,42,39,16,2.16,1.22,2.58,6,16,190,212,88,87,162,19.4,3,3,-2,95.96,88.91,32.07,139,180,127,2896,1799,388.4,4912,3609,718,36,11.4,1.73,10.28,4.47,1.96,0.23
Zr@MoS2,1.29,1.45,1.04,5,5,3,6,6,3,6,4,6,3,1.46,1.96,1.44,4.6,4,6.2,0.04,1.22,1.5,0.49,1.265,1.56,0.54,0.54,0.56,1.77,1.39,1.46,4.65,3.4,5.6,7.09,6.63,10.36,0.75,0.43,2.08,3.92,3.53,6.22,0.79,0.86,1.7,2.1,2.3,1.8,42,40,16,2.16,1.33,2.58,6,16,190,206,88,87,112,19.4,3,4,-2,95.96,91.22,32.07,139,160,127,2896,2128,388.4,4912,4682,718,36,21,1.73,10.28,6.51,1.96,0.36
Nb@MoS2,1.29,1.34,1.04,5,5,3,6,6,3,6,5,6,3,1.46,1.75,1.44,4.6,4.3,6.2,0.04,1.22,1.5,0.49,1.23,1.53,0.51,0.54,0.56,1.77,1.62,1.46,4.65,4,5.6,7.09,6.76,10.36,0.75,0.89,2.08,3.92,3.825,6.22,0.79,0.82,1.7,2.1,2.15,1.8,42,41,16,2.16,1.6,2.58,6,16,190,198,88,87,98,19.4,3,3,-2,95.96,92.91,32.07,139,146,127,2896,2750,388.4,4912,5017,718,36,26.8,1.73,10.28,8.57,1.96,0.31
Mo@MoS2,1.29,1.29,1.04,5,5,3,6,6,3,6,6,6,3,1.46,1.46,1.44,4.6,4.6,6.2,0.04,1.22,1.5,0.49,1.22,1.5,0.49,0.54,0.56,1.77,1.77,1.46,4.65,4.65,5.6,7.09,7.09,10.36,0.75,0.75,2.08,3.92,3.92,6.22,0.79,0.79,1.7,2.1,2.1,1.8,42,42,16,2.16,2.16,2.58,6,16,190,190,88,87,87,19.4,3,3,-2,95.96,95.96,32.07,139,139,127,2896,2896,388.4,4912,4912,718,36,36,1.73,10.28,10.28,1.96,2.07
Tc@MoS2,1.29,1.27,1.04,5,5,3,6,6,3,6,7,6,3,1.46,1.35,1.44,4.6,4.82,6.2,0.04,1.22,1.5,0.49,1.16,1.49,0.455,0.54,0.56,1.77,1.81,1.46,4.65,5.3,5.6,7.09,7.28,10.36,0.75,0.55,2.08,3.92,3.915,6.22,0.79,0.785,1.7,2.1,2.05,1.8,42,43,16,2.16,1.9,2.58,6,16,190,183,88,87,79,19.4,3,4,-2,95.96,98,32.07,139,136,127,2896,2430,388.4,4912,4538,718,36,23,1.73,10.28,11.5,1.96,0.65
Ru@MoS2,1.29,1.24,1.04,5,5,3,6,6,3,6,8,6,3,1.46,1.29,1.44,4.6,4.6,6.2,0.04,1.22,1.5,0.49,1.145,1.46,0.45,0.54,0.56,1.77,1.83,1.46,4.65,5.4,5.6,7.09,7.36,10.36,0.75,1.05,2.08,3.92,4.205,6.22,0.79,0.76,1.7,2.1,2.05,1.8,42,44,16,2.16,2.2,2.58,6,16,190,178,88,87,72,19.4,3,3,-2,95.96,101.07,32.07,139,134,127,2896,2607,388.4,4912,4423,718,36,25.7,1.73,10.28,12.37,1.96,0.18
Rh@MoS2,1.29,1.25,1.04,5,5,3,6,6,3,6,9,6,3,1.46,1.24,1.44,4.6,4.8,6.2,0.04,1.22,1.5,0.49,1.11,1.41,0.42,0.54,0.56,1.77,1.76,1.46,4.65,5.4,5.6,7.09,7.46,10.36,0.75,1.14,2.08,3.92,4.3,6.22,0.79,0.74,1.7,2.1,2,1.8,42,45,16,2.16,2.28,2.58,6,16,190,173,88,87,66,19.4,3,3,-2,95.96,102.91,32.07,139,134,127,2896,2237,388.4,4912,3968,718,36,21.7,1.73,10.28,12.45,1.96,-0.48
Pd@MoS2,1.29,1.28,1.04,5,5,3,6,6,3,6,10,6,3,1.46,3.2,1.44,4.6,5.5,6.2,0.04,1.22,1.5,0.49,1.08,1.37,0.4,0.54,0.56,1.77,1.67,1.46,4.65,5.45,5.6,7.09,8.34,10.36,0.75,0.56,2.08,3.92,4.45,6.22,0.79,0.755,1.7,2.1,2.05,1.8,42,46,16,2.16,2.2,2.58,6,16,190,169,88,87,26.1,19.4,3,2,-2,95.96,106.42,32.07,139,137,127,2896,1828.1,388.4,4912,3236,718,36,16.7,1.73,10.28,12.02,1.96,-0.9
Ag@MoS2,1.29,1.34,1.04,5,5,3,6,6,3,6,11,6,3,1.46,2.9,1.44,4.6,4,6.2,0.04,1.22,1.5,0.49,1.045,1.33,0.385,0.54,0.56,1.77,1.39,1.46,4.65,4.45,5.6,7.09,7.58,10.36,0.75,1.3,2.08,3.92,4.44,6.22,0.79,0.89,1.7,2.1,2.1,1.8,42,47,16,2.16,1.93,2.58,6,16,190,165,88,87,55,19.4,3,1,-2,95.96,107.87,32.07,139,144,127,2896,1234.9,388.4,4912,2435,718,36,11.3,1.73,10.28,10.49,1.96,-0.18
Cd@MoS2,1.29,1.41,1.04,5,5,3,6,6,3,6,12,6,3,1.46,2.4,1.44,4.6,4.1,6.2,0.04,1.22,1.5,0.49,0.985,1.23,0.37,0.54,0.56,1.77,1.24,1.46,4.65,4.05,5.6,7.09,8.99,10.36,0.75,0,2.08,3.92,4.495,6.22,0.79,1.09,1.7,2.1,2.2,1.8,42,48,16,2.16,1.69,2.58,6,16,190,161,88,87,46,19.4,3,2,-2,95.96,112.44,32.07,139,151,127,2896,594.2,388.4,4912,1040,718,36,6.3,1.73,10.28,8.65,1.96,0.06
Lu@MoS2,1.29,1.56,1.04,5,6,3,6,6,3,6,3,6,3,1.46,1.94,1.44,4.6,3.1,6.2,0.04,1.22,1.5,0.49,1.36,1.66,0.66,0.54,0.56,1.77,1.24,1.46,4.65,3,5.6,7.09,5.43,10.36,0.75,0.34,2.08,3.92,2.885,6.22,0.79,1,1.7,2.1,2.4,1.8,42,71,16,2.16,1.27,2.58,6,16,190,217,88,87,137,19.4,3,3,-2,95.96,174.97,32.07,139,173,127,2896,1925,388.4,4912,3675,718,36,22,1.73,10.28,9.84,1.96,0.24
Hf@MoS2,1.29,1.44,1.04,5,6,3,6,6,3,6,4,6,3,1.46,1.88,1.44,4.6,3.9,6.2,0.04,1.22,1.5,0.49,1.3,1.61,0.63,0.54,0.56,1.77,1.43,1.46,4.65,3.55,5.6,7.09,6.83,10.36,0.75,0,2.08,3.92,3.415,6.22,0.79,0.85,1.7,2.1,2.25,1.8,42,72,16,2.16,1.3,2.58,6,16,190,208,88,87,103,19.4,3,4,-2,95.96,178.49,32.07,139,159,127,2896,2506,388.4,4912,4876,718,36,25.5,1.73,10.28,13.31,1.96,0.38
Ta@MoS2,1.29,1.34,1.04,5,6,3,6,6,3,6,5,6,3,1.46,1.7,1.44,4.6,4.1,6.2,0.04,1.22,1.5,0.49,1.25,1.54,0.605,0.54,0.56,1.77,1.63,1.46,4.65,4.05,5.6,7.09,7.55,10.36,0.75,0.32,2.08,3.92,3.935,6.22,0.79,0.82,1.7,2.1,2.2,1.8,42,73,16,2.16,1.5,2.58,6,16,190,200,88,87,74,19.4,3,3,-2,95.96,180.95,32.07,139,146,127,2896,3290,388.4,4912,5731,718,36,36,1.73,10.28,16.65,1.96,0.35
W@MoS2,1.29,1.3,1.04,5,6,3,6,6,3,6,6,6,3,1.46,1.5,1.44,4.6,4.5,6.2,0.04,1.22,1.5,0.49,1.22,1.515,0.59,0.54,0.56,1.77,1.81,1.46,4.65,4.8,5.6,7.09,7.86,10.36,0.75,0.82,2.08,3.92,4.34,6.22,0.79,0.8,1.7,2.1,2.1,1.8,42,74,16,2.16,2.36,2.58,6,16,190,193,88,87,68,19.4,3,4,-2,95.96,183.84,32.07,139,139,127,2896,3695,388.4,4912,5828,718,36,35,1.73,10.28,19.25,1.96,2.1
Re@MoS2,1.29,1.28,1.04,5,6,3,6,6,3,6,7,6,3,1.46,1.36,1.44,4.6,5,6.2,0.04,1.22,1.5,0.49,1.19,1.49,0.565,0.54,0.56,1.77,1.86,1.46,4.65,5.4,5.6,7.09,7.83,10.36,0.75,0.15,2.08,3.92,3.99,6.22,0.79,0.77,1.7,2.1,2.05,1.8,42,75,16,2.16,1.9,2.58,6,16,190,188,88,87,62,19.4,3,4,-2,95.96,186.21,32.07,139,137,127,2896,3459,388.4,4912,5869,718,36,33,1.73,10.28,21.02,1.96,0.87
Os@MoS2,1.29,1.26,1.04,5,6,3,6,6,3,6,8,6,3,1.46,1.31,1.44,4.6,4.7,6.2,0.04,1.22,1.5,0.49,1.17,1.48,0.543,0.54,0.56,1.77,1.85,1.46,4.65,5.4,5.6,7.09,8.44,10.36,0.75,1.08,2.08,3.92,4.76,6.22,0.79,0.77,1.7,2.1,2,1.8,42,76,16,2.16,2.2,2.58,6,16,190,185,88,87,57,19.4,3,4,-2,95.96,190.23,32.07,139,135,127,2896,3306,388.4,4912,5285,718,36,31,1.73,10.28,22.61,1.96,0.29
Ir@MoS2,1.29,1.26,1.04,5,6,3,6,6,3,6,9,6,3,1.46,1.24,1.44,4.6,5.3,6.2,0.04,1.22,1.5,0.49,1.16,1.468,0.526,0.54,0.56,1.77,1.83,1.46,4.65,5.55,5.6,7.09,8.97,10.36,0.75,1.56,2.08,3.92,5.265,6.22,0.79,0.765,1.7,2.1,2,1.8,42,77,16,2.16,2.2,2.58,6,16,190,180,88,87,54,19.4,3,3,-2,95.96,192.22,32.07,139,136,127,2896,2739,388.4,4912,4701,718,36,26,1.73,10.28,22.65,1.96,-0.48
Pt@MoS2,1.29,1.29,1.04,5,6,3,6,6,3,6,10,6,3,1.46,3.24,1.44,4.6,5.6,6.2,0.04,1.22,1.5,0.49,1.24,1.46,0.51,0.54,0.56,1.77,1.78,1.46,4.65,5.65,5.6,7.09,8.96,10.36,0.75,2.13,2.08,3.92,5.545,6.22,0.79,0.765,1.7,2.1,2.05,1.8,42,78,16,2.16,2.28,2.58,6,16,190,177,88,87,48,19.4,3,2,-2,95.96,195.08,32.07,139,139,127,2896,2041.4,388.4,4912,4098,718,36,20,1.73,10.28,21.09,1.96,-1.28
Au@MoS2,1.29,1.34,1.04,5,6,3,6,6,3,6,11,6,3,1.46,2.92,1.44,4.6,5.1,6.2,0.04,1.22,1.5,0.49,1.21,1.45,0.488,0.54,0.56,1.77,1.57,1.46,4.65,5.15,5.6,7.09,9.23,10.36,0.75,2.31,2.08,3.92,5.77,6.22,0.79,0.99,1.7,2.1,2.1,1.8,42,79,16,2.16,2.54,2.58,6,16,190,174,88,87,36,19.4,3,1,-2,95.96,196.97,32.07,139,144,127,2896,1337.3,388.4,4912,3129,718,36,12.5,1.73,10.28,19.3,1.96,-0.72
Hg@MoS2,1.29,1.44,1.04,5,6,3,6,6,3,6,12,6,3,1.46,2.39,1.44,4.6,4.5,6.2,0.04,1.22,1.5,0.49,1.07,1.34,0.475,0.54,0.56,1.77,1.24,1.46,4.65,4.2,5.6,7.09,10.44,10.36,0.75,0,2.08,3.92,5.22,6.22,0.79,1.16,1.7,2.1,2.05,1.8,42,80,16,2.16,2,2.58,6,16,190,171,88,87,33.9,19.4,3,1,-2,95.96,200.59,32.07,139,151,127,2896,234.3,388.4,4912,629.88,718,36,2.29,1.73,10.28,14.19,1.96,-0.08
Sc@WS2,1.3,1.44,1.04,6,4,3,6,6,3,6,3,6,3,1.5,2.21,1.44,4.5,3.5,6.2,0.04,1.22,1.515,0.59,1.22,1.53,0.31,0.54,0.56,1.81,1.27,1.46,4.8,3.25,5.6,7.86,6.56,10.36,0.82,0.19,2.08,4.34,3.375,6.22,0.8,0.885,1.7,2.1,2.3,1.8,74,21,16,2.36,1.36,2.58,6,16,193,184,88,68,97,19.4,4,3,-2,183.84,44.96,32.07,139,164,127,3695,1814,388.4,5828,3103,718,35,16,1.73,19.25,2.99,1.96,0.41
Ti@WS2,1.3,1.32,1.04,6,4,3,6,6,3,6,4,6,3,1.5,1.81,1.44,4.5,4.3,6.2,0.04,1.22,1.515,0.59,1.15,1.43,0.28,0.54,0.56,1.81,1.47,1.46,4.8,3.65,5.6,7.86,6.83,10.36,0.82,0.08,2.08,4.34,3.455,6.22,0.8,0.745,1.7,2.1,2.15,1.8,74,22,16,2.36,1.54,2.58,6,16,193,176,88,68,100,19.4,4,2,-2,183.84,47.87,32.07,139,147,127,3695,1941,388.4,5828,3560,718,35,18.7,1.73,19.25,4.51,1.96,0.49
V@WS2,1.3,1.22,1.04,6,4,3,6,6,3,6,5,6,3,1.5,1.61,1.44,4.5,4.3,6.2,0.04,1.22,1.515,0.59,1.09,1.34,0.26,0.54,0.56,1.81,1.64,1.46,4.8,4.25,5.6,7.86,6.75,10.36,0.82,0.53,2.08,4.34,3.64,6.22,0.8,0.72,1.7,2.1,2.05,1.8,74,23,16,2.36,1.63,2.58,6,16,193,171,88,68,87,19.4,4,2,-2,183.84,50.94,32.07,139,135,127,3695,2183,388.4,5828,3680,718,35,22.8,1.73,19.25,6.11,1.96,0.41
Cr@WS2,1.3,1.18,1.04,6,4,3,6,6,3,6,6,6,3,1.5,1.33,1.44,4.5,4.5,6.2,0.04,1.22,1.515,0.59,1.07,1.37,0.25,0.54,0.56,1.81,1.73,1.46,4.8,4.65,5.6,7.86,6.77,10.36,0.82,0.68,2.08,4.34,3.725,6.22,0.8,0.69,1.7,2.1,2.05,1.8,74,24,16,2.36,1.66,2.58,6,16,193,166,88,68,83,19.4,4,2,-2,183.84,52,32.07,139,129,127,3695,2180,388.4,5828,2944,718,35,20.5,1.73,19.25,7.14,1.96,1.26
Mn@WS2,1.3,1.17,1.04,6,4,3,6,6,3,6,7,6,3,1.5,1.26,1.44,4.5,4.1,6.2,0.04,1.22,1.515,0.59,0.99,1.23,0.23,0.54,0.56,1.81,1.61,1.46,4.8,4.45,5.6,7.86,7.43,10.36,0.82,0,2.08,4.34,3.715,6.22,0.8,0.67,1.7,2.1,2.05,1.8,74,25,16,2.36,1.55,2.58,6,16,193,161,88,68,68,19.4,4,2,-2,183.84,54.94,32.07,139,127,127,3695,1519,388.4,5828,2334,718,35,13.2,1.73,19.25,7.47,1.96,0.71
Fe@WS2,1.3,1.16,1.04,6,4,3,6,6,3,6,8,6,3,1.5,1.16,1.44,4.5,4.5,6.2,0.04,1.22,1.515,0.59,0.95,1.16,0.22,0.54,0.56,1.81,1.77,1.46,4.8,4.93,5.6,7.86,7.9,10.36,0.82,0.15,2.08,4.34,4.025,6.22,0.8,0.725,1.7,2.1,2.05,1.8,74,26,16,2.36,1.83,2.58,6,16,193,156,88,68,62,19.4,4,2,-2,183.84,55.85,32.07,139,126,127,3695,1811,388.4,5828,3134,718,35,13.8,1.73,19.25,7.87,1.96,0.11
Co@WS2,1.3,1.16,1.04,6,4,3,6,6,3,6,9,6,3,1.5,1.14,1.44,4.5,5,6.2,0.04,1.22,1.515,0.59,0.92,1.1,0.21,0.54,0.56,1.81,1.75,1.46,4.8,5.1,5.6,7.86,7.88,10.36,0.82,0.66,2.08,4.34,4.27,6.22,0.8,0.67,1.7,2.1,2,1.8,74,27,16,2.36,1.88,2.58,6,16,193,152,88,68,55,19.4,4,2,-2,183.84,58.93,32.07,139,125,127,3695,1768,388.4,5828,3200,718,35,16.2,1.73,19.25,8.9,1.96,-0.31
Ni@WS2,1.3,1.15,1.04,6,4,3,6,6,3,6,10,6,3,1.5,2.9,1.44,4.5,5.1,6.2,0.04,1.22,1.515,0.59,0.96,1.22,0.195,0.54,0.56,1.81,1.75,1.46,4.8,5.2,5.6,7.86,7.64,10.36,0.82,1.16,2.08,4.34,4.4,6.22,0.8,0.62,1.7,2.1,2,1.8,74,28,16,2.36,1.91,2.58,6,16,193,149,88,68,49,19.4,4,2,-2,183.84,58.69,32.07,139,125,127,3695,1728,388.4,5828,3186,718,35,17.2,1.73,19.25,8.91,1.96,-0.53
Cu@WS2,1.3,1.17,1.04,6,4,3,6,6,3,6,11,6,3,1.5,2.55,1.44,4.5,4.6,6.2,0.04,1.22,1.515,0.59,0.88,1.16,0.185,0.54,0.56,1.81,1.47,1.46,4.8,4.55,5.6,7.86,7.73,10.36,0.82,1.24,2.08,4.34,4.485,6.22,0.8,0.68,1.7,2.1,2,1.8,74,29,16,2.36,1.9,2.58,6,16,193,145,88,68,47,19.4,4,1,-2,183.84,63.55,32.07,139,128,127,3695,1357.8,388.4,5828,3200,718,35,13.1,1.73,19.25,8.92,1.96,-0.26
Zn@WS2,1.3,1.25,1.04,6,4,3,6,6,3,6,12,6,3,1.5,2.21,1.44,4.5,4.2,6.2,0.04,1.22,1.515,0.59,0.82,1.06,0.175,0.54,0.56,1.81,1.32,1.46,4.8,4.1,5.6,7.86,9.39,10.36,0.82,0,2.08,4.34,4.695,6.22,0.8,0.88,1.7,2.1,2.1,1.8,74,30,16,2.36,1.65,2.58,6,16,193,142,88,68,38.7,19.4,4,2,-2,183.84,65.38,32.07,139,136,127,3695,692.7,388.4,5828,1180,718,35,7.35,1.73,19.25,7.14,1.96,-0.02
Y@WS2,1.3,1.62,1.04,6,5,3,6,6,3,6,3,6,3,1.5,2.42,1.44,4.5,3.1,6.2,0.04,1.22,1.515,0.59,1.32,1.62,0.58,0.54,0.56,1.81,1.21,1.46,4.8,3.2,5.6,7.86,6.22,10.36,0.82,0.31,2.08,4.34,3.265,6.22,0.8,1.04,1.7,2.1,2.4,1.8,74,39,16,2.36,1.22,2.58,6,16,193,212,88,68,162,19.4,4,3,-2,183.84,88.91,32.07,139,180,127,3695,1799,388.4,5828,3609,718,35,11.4,1.73,19.25,4.47,1.96,0.42
Zr@WS2,1.3,1.45,1.04,6,5,3,6,6,3,6,4,6,3,1.5,1.96,1.44,4.5,4,6.2,0.04,1.22,1.515,0.59,1.265,1.56,0.54,0.54,0.56,1.81,1.39,1.46,4.8,3.4,5.6,7.86,6.63,10.36,0.82,0.43,2.08,4.34,3.53,6.22,0.8,0.86,1.7,2.1,2.3,1.8,74,40,16,2.36,1.33,2.58,6,16,193,206,88,68,112,19.4,4,4,-2,183.84,91.22,32.07,139,160,127,3695,2128,388.4,5828,4682,718,35,21,1.73,19.25,6.51,1.96,0.54
Nb@WS2,1.3,1.34,1.04,6,5,3,6,6,3,6,5,6,3,1.5,1.75,1.44,4.5,4.3,6.2,0.04,1.22,1.515,0.59,1.23,1.53,0.51,0.54,0.56,1.81,1.62,1.46,4.8,4,5.6,7.86,6.76,10.36,0.82,0.89,2.08,4.34,3.825,6.22,0.8,0.82,1.7,2.1,2.15,1.8,74,41,16,2.36,1.6,2.58,6,16,193,198,88,68,98,19.4,4,3,-2,183.84,92.91,32.07,139,146,127,3695,2750,388.4,5828,5017,718,35,26.8,1.73,19.25,8.57,1.96,0.48
Mo@WS2,1.3,1.29,1.04,6,5,3,6,6,3,6,6,6,3,1.5,1.46,1.44,4.5,4.6,6.2,0.04,1.22,1.515,0.59,1.22,1.5,0.49,0.54,0.56,1.81,1.77,1.46,4.8,4.65,5.6,7.86,7.09,10.36,0.82,0.75,2.08,4.34,3.92,6.22,0.8,0.79,1.7,2.1,2.1,1.8,74,42,16,2.36,2.16,2.58,6,16,193,190,88,68,87,19.4,4,3,-2,183.84,95.96,32.07,139,139,127,3695,2896,388.4,5828,4912,718,35,36,1.73,19.25,10.28,1.96,1.83
Tc@WS2,1.3,1.27,1.04,6,5,3,6,6,3,6,7,6,3,1.5,1.35,1.44,4.5,4.82,6.2,0.04,1.22,1.515,0.59,1.16,1.49,0.455,0.54,0.56,1.81,1.81,1.46,4.8,5.3,5.6,7.86,7.28,10.36,0.82,0.55,2.08,4.34,3.915,6.22,0.8,0.785,1.7,2.1,2.05,1.8,74,43,16,2.36,1.9,2.58,6,16,193,183,88,68,79,19.4,4,4,-2,183.84,98,32.07,139,136,127,3695,2430,388.4,5828,4538,718,35,23,1.73,19.25,11.5,1.96,0.58
Ru@WS2,1.3,1.24,1.04,6,5,3,6,6,3,6,8,6,3,1.5,1.29,1.44,4.5,4.6,6.2,0.04,1.22,1.515,0.59,1.145,1.46,0.45,0.54,0.56,1.81,1.83,1.46,4.8,5.4,5.6,7.86,7.36,10.36,0.82,1.05,2.08,4.34,4.205,6.22,0.8,0.76,1.7,2.1,2.05,1.8,74,44,16,2.36,2.2,2.58,6,16,193,178,88,68,72,19.4,4,3,-2,183.84,101.07,32.07,139,134,127,3695,2607,388.4,5828,4423,718,35,25.7,1.73,19.25,12.37,1.96,0.07
Rh@WS2,1.3,1.25,1.04,6,5,3,6,6,3,6,9,6,3,1.5,1.24,1.44,4.5,4.8,6.2,0.04,1.22,1.515,0.59,1.11,1.41,0.42,0.54,0.56,1.81,1.76,1.46,4.8,5.4,5.6,7.86,7.46,10.36,0.82,1.14,2.08,4.34,4.3,6.22,0.8,0.74,1.7,2.1,2,1.8,74,45,16,2.36,2.28,2.58,6,16,193,173,88,68,66,19.4,4,3,-2,183.84,102.91,32.07,139,134,127,3695,2237,388.4,5828,3968,718,35,21.7,1.73,19.25,12.45,1.96,-0.67
Pd@WS2,1.3,1.28,1.04,6,5,3,6,6,3,6,10,6,3,1.5,3.2,1.44,4.5,5.5,6.2,0.04,1.22,1.515,0.59,1.08,1.37,0.4,0.54,0.56,1.81,1.67,1.46,4.8,5.45,5.6,7.86,8.34,10.36,0.82,0.56,2.08,4.34,4.45,6.22,0.8,0.755,1.7,2.1,2.05,1.8,74,46,16,2.36,2.2,2.58,6,16,193,169,88,68,26.1,19.4,4,2,-2,183.84,106.42,32.07,139,137,127,3695,1828.1,388.4,5828,3236,718,35,16.7,1.73,19.25,12.02,1.96,-0.73
Ag@WS2,1.3,1.34,1.04,6,5,3,6,6,3,6,11,6,3,1.5,2.9,1.44,4.5,4,6.2,0.04,1.22,1.515,0.59,1.045,1.33,0.385,0.54,0.56,1.81,1.39,1.46,4.8,4.45,5.6,7.86,7.58,10.36,0.82,1.3,2.08,4.34,4.44,6.22,0.8,0.89,1.7,2.1,2.1,1.8,74,47,16,2.36,1.93,2.58,6,16,193,165,88,68,55,19.4,4,1,-2,183.84,107.87,32.07,139,144,127,3695,1234.9,388.4,5828,2435,718,35,11.3,1.73,19.25,10.49,1.96,0
Cd@WS2,1.3,1.41,1.04,6,5,3,6,6,3,6,12,6,3,1.5,2.4,1.44,4.5,4.1,6.2,0.04,1.22,1.515,0.59,0.985,1.23,0.37,0.54,0.56,1.81,1.24,1.46,4.8,4.05,5.6,7.86,8.99,10.36,0.82,0,2.08,4.34,4.495,6.22,0.8,1.09,1.7,2.1,2.2,1.8,74,48,16,2.36,1.69,2.58,6,16,193,161,88,68,46,19.4,4,2,-2,183.84,112.44,32.07,139,151,127,3695,594.2,388.4,5828,1040,718,35,6.3,1.73,19.25,8.65,1.96,0.24
Lu@WS2,1.3,1.56,1.04,6,6,3,6,6,3,6,3,6,3,1.5,1.94,1.44,4.5,3.1,6.2,0.04,1.22,1.515,0.59,1.36,1.66,0.66,0.54,0.56,1.81,1.24,1.46,4.8,3,5.6,7.86,5.43,10.36,0.82,0.34,2.08,4.34,2.885,6.22,0.8,1,1.7,2.1,2.4,1.8,74,71,16,2.36,1.27,2.58,6,16,193,217,88,68,137,19.4,4,3,-2,183.84,174.97,32.07,139,173,127,3695,1925,388.4,5828,3675,718,35,22,1.73,19.25,9.84,1.96,0.43
Hf@WS2,1.3,1.44,1.04,6,6,3,6,6,3,6,4,6,3,1.5,1.88,1.44,4.5,3.9,6.2,0.04,1.22,1.515,0.59,1.3,1.61,0.63,0.54,0.56,1.81,1.43,1.46,4.8,3.55,5.6,7.86,6.83,10.36,0.82,0,2.08,4.34,3.415,6.22,0.8,0.85,1.7,2.1,2.25,1.8,74,72,16,2.36,1.3,2.58,6,16,193,208,88,68,103,19.4,4,4,-2,183.84,178.49,32.07,139,159,127,3695,2506,388.4,5828,4876,718,35,25.5,1.73,19.25,13.31,1.96,0.57
Ta@WS2,1.3,1.34,1.04,6,6,3,6,6,3,6,5,6,3,1.5,1.7,1.44,4.5,4.1,6.2,0.04,1.22,1.515,0.59,1.25,1.54,0.605,0.54,0.56,1.81,1.63,1.46,4.8,4.05,5.6,7.86,7.55,10.36,0.82,0.32,2.08,4.34,3.935,6.22,0.8,0.82,1.7,2.1,2.2,1.8,74,73,16,2.36,1.5,2.58,6,16,193,200,88,68,74,19.4,4,3,-2,183.84,180.95,32.07,139,146,127,3695,3290,388.4,5828,5731,718,35,36,1.73,19.25,16.65,1.96,0.53
W@WS2,1.3,1.3,1.04,6,6,3,6,6,3,6,6,6,3,1.5,1.5,1.44,4.5,4.5,6.2,0.04,1.22,1.515,0.59,1.22,1.515,0.59,0.54,0.56,1.81,1.81,1.46,4.8,4.8,5.6,7.86,7.86,10.36,0.82,0.82,2.08,4.34,4.34,6.22,0.8,0.8,1.7,2.1,2.1,1.8,74,74,16,2.36,2.36,2.58,6,16,193,193,88,68,68,19.4,4,4,-2,183.84,183.84,32.07,139,139,127,3695,3695,388.4,5828,5828,718,35,35,1.73,19.25,19.25,1.96,2.33
Re@WS2,1.3,1.28,1.04,6,6,3,6,6,3,6,7,6,3,1.5,1.36,1.44,4.5,5,6.2,0.04,1.22,1.515,0.59,1.19,1.49,0.565,0.54,0.56,1.81,1.86,1.46,4.8,5.4,5.6,7.86,7.83,10.36,0.82,0.15,2.08,4.34,3.99,6.22,0.8,0.77,1.7,2.1,2.05,1.8,74,75,16,2.36,1.9,2.58,6,16,193,188,88,68,62,19.4,4,4,-2,183.84,186.21,32.07,139,137,127,3695,3459,388.4,5828,5869,718,35,33,1.73,19.25,21.02,1.96,0.73
Os@WS2,1.3,1.26,1.04,6,6,3,6,6,3,6,8,6,3,1.5,1.31,1.44,4.5,4.7,6.2,0.04,1.22,1.515,0.59,1.17,1.48,0.543,0.54,0.56,1.81,1.85,1.46,4.8,5.4,5.6,7.86,8.44,10.36,0.82,1.08,2.08,4.34,4.76,6.22,0.8,0.77,1.7,2.1,2,1.8,74,76,16,2.36,2.2,2.58,6,16,193,185,88,68,57,19.4,4,4,-2,183.84,190.23,32.07,139,135,127,3695,3306,388.4,5828,5285,718,35,31,1.73,19.25,22.61,1.96,0.18
Ir@WS2,1.3,1.26,1.04,6,6,3,6,6,3,6,9,6,3,1.5,1.24,1.44,4.5,5.3,6.2,0.04,1.22,1.515,0.59,1.16,1.468,0.526,0.54,0.56,1.81,1.83,1.46,4.8,5.55,5.6,7.86,8.97,10.36,0.82,1.56,2.08,4.34,5.265,6.22,0.8,0.765,1.7,2.1,2,1.8,74,77,16,2.36,2.2,2.58,6,16,193,180,88,68,54,19.4,4,3,-2,183.84,192.22,32.07,139,136,127,3695,2739,388.4,5828,4701,718,35,26,1.73,19.25,22.65,1.96,-0.68
Pt@WS2,1.3,1.29,1.04,6,6,3,6,6,3,6,10,6,3,1.5,3.24,1.44,4.5,5.6,6.2,0.04,1.22,1.515,0.59,1.24,1.46,0.51,0.54,0.56,1.81,1.78,1.46,4.8,5.65,5.6,7.86,8.96,10.36,0.82,2.13,2.08,4.34,5.545,6.22,0.8,0.765,1.7,2.1,2.05,1.8,74,78,16,2.36,2.28,2.58,6,16,193,177,88,68,48,19.4,4,2,-2,183.84,195.08,32.07,139,139,127,3695,2041.4,388.4,5828,4098,718,35,20,1.73,19.25,21.09,1.96,-1.32
Au@WS2,1.3,1.34,1.04,6,6,3,6,6,3,6,11,6,3,1.5,2.92,1.44,4.5,5.1,6.2,0.04,1.22,1.515,0.59,1.21,1.45,0.488,0.54,0.56,1.81,1.57,1.46,4.8,5.15,5.6,7.86,9.23,10.36,0.82,2.31,2.08,4.34,5.77,6.22,0.8,0.99,1.7,2.1,2.1,1.8,74,79,16,2.36,2.54,2.58,6,16,193,174,88,68,36,19.4,4,1,-2,183.84,196.97,32.07,139,144,127,3695,1337.3,388.4,5828,3129,718,35,12.5,1.73,19.25,19.3,1.96,-0.29
Hg@WS2,1.3,1.44,1.04,6,6,3,6,6,3,6,12,6,3,1.5,2.39,1.44,4.5,4.5,6.2,0.04,1.22,1.515,0.59,1.07,1.34,0.475,0.54,0.56,1.81,1.24,1.46,4.8,4.2,5.6,7.86,10.44,10.36,0.82,0,2.08,4.34,5.22,6.22,0.8,1.16,1.7,2.1,2.05,1.8,74,80,16,2.36,2,2.58,6,16,193,171,88,68,33.9,19.4,4,1,-2,183.84,200.59,32.07,139,151,127,3695,234.3,388.4,5828,629.88,718,35,2.29,1.73,19.25,14.19,1.96,0.14
Sc@MoSe2,1.29,1.44,1.17,5,4,4,6,6,3,6,3,6,3,1.46,2.21,1.77,4.6,3.5,4.7,0.04,1.22,1.5,0.49,1.22,1.53,0.31,0.615,0.67,1.77,1.27,1.4,4.65,3.25,5.17,7.09,6.56,9.75,0.75,0.19,2.02,3.92,3.375,5.89,0.79,0.885,1.84,2.1,2.3,1.9,42,21,34,2.16,1.36,2.55,6,16,190,184,103,87,97,29,3,3,-2,95.96,44.96,78.96,139,164,140,2896,1814,494,4912,3103,958,36,16,5.4,10.28,2.99,4.82,0.68
Ti@MoSe2,1.29,1.32,1.17,5,4,4,6,6,3,6,4,6,3,1.46,1.81,1.77,4.6,4.3,4.7,0.04,1.22,1.5,0.49,1.15,1.43,0.28,0.615,0.67,1.77,1.47,1.4,4.65,3.65,5.17,7.09,6.83,9.75,0.75,0.08,2.02,3.92,3.455,5.89,0.79,0.745,1.84,2.1,2.15,1.9,42,22,34,2.16,1.54,2.55,6,16,190,176,103,87,100,29,3,2,-2,95.96,47.87,78.96,139,147,140,2896,1941,494,4912,3560,958,36,18.7,5.4,10.28,4.51,4.82,0.69
V@MoSe2,1.29,1.22,1.17,5,4,4,6,6,3,6,5,6,3,1.46,1.61,1.77,4.6,4.3,4.7,0.04,1.22,1.5,0.49,1.09,1.34,0.26,0.615,0.67,1.77,1.64,1.4,4.65,4.25,5.17,7.09,6.75,9.75,0.75,0.53,2.02,3.92,3.64,5.89,0.79,0.72,1.84,2.1,2.05,1.9,42,23,34,2.16,1.63,2.55,6,16,190,171,103,87,87,29,3,2,-2,95.96,50.94,78.96,139,135,140,2896,2183,494,4912,3680,958,36,22.8,5.4,10.28,6.11,4.82,0.72
Cr@MoSe2,1.29,1.18,1.17,5,4,4,6,6,3,6,6,6,3,1.46,1.33,1.77,4.6,4.5,4.7,0.04,1.22,1.5,0.49,1.07,1.37,0.25,0.615,0.67,1.77,1.73,1.4,4.65,4.65,5.17,7.09,6.77,9.75,0.75,0.68,2.02,3.92,3.725,5.89,0.79,0.69,1.84,2.1,2.05,1.9,42,24,34,2.16,1.66,2.55,6,16,190,166,103,87,83,29,3,2,-2,95.96,52,78.96,139,129,140,2896,2180,494,4912,2944,958,36,20.5,5.4,10.28,7.14,4.82,1.83
Mn@MoSe2,1.29,1.17,1.17,5,4,4,6,6,3,6,7,6,3,1.46,1.26,1.77,4.6,4.1,4.7,0.04,1.22,1.5,0.49,0.99,1.23,0.23,0.615,0.67,1.77,1.61,1.4,4.65,4.45,5.17,7.09,7.43,9.75,0.75,0,2.02,3.92,3.715,5.89,0.79,0.67,1.84,2.1,2.05,1.9,42,25,34,2.16,1.55,2.55,6,16,190,161,103,87,68,29,3,2,-2,95.96,54.94,78.96,139,127,140,2896,1519,494,4912,2334,958,36,13.2,5.4,10.28,7.47,4.82,1.03
Fe@MoSe2,1.29,1.16,1.17,5,4,4,6,6,3,6,8,6,3,1.46,1.16,1.77,4.6,4.5,4.7,0.04,1.22,1.5,0.49,0.95,1.16,0.22,0.615,0.67,1.77,1.77,1.4,4.65,4.93,5.17,7.09,7.9,9.75,0.75,0.15,2.02,3.92,4.025,5.89,0.79,0.725,1.84,2.1,2.05,1.9,42,26,34,2.16,1.83,2.55,6,16,190,156,103,87,62,29,3,2,-2,95.96,55.85,78.96,139,126,140,2896,1811,494,4912,3134,958,36,13.8,5.4,10.28,7.87,4.82,0.69
Co@MoSe2,1.29,1.16,1.17,5,4,4,6,6,3,6,9,6,3,1.46,1.14,1.77,4.6,5,4.7,0.04,1.22,1.5,0.49,0.92,1.1,0.21,0.615,0.67,1.77,1.75,1.4,4.65,5.1,5.17,7.09,7.88,9.75,0.75,0.66,2.02,3.92,4.27,5.89,0.79,0.67,1.84,2.1,2,1.9,42,27,34,2.16,1.88,2.55,6,16,190,152,103,87,55,29,3,2,-2,95.96,58.93,78.96,139,125,140,2896,1768,494,4912,3200,958,36,16.2,5.4,10.28,8.9,4.82,0.19
Ni@MoSe2,1.29,1.15,1.17,5,4,4,6,6,3,6,10,6,3,1.46,2.9,1.77,4.6,5.1,4.7,0.04,1.22,1.5,0.49,0.96,1.22,0.195,0.615,0.67,1.77,1.75,1.4,4.65,5.2,5.17,7.09,7.64,9.75,0.75,1.16,2.02,3.92,4.4,5.89,0.79,0.62,1.84,2.1,2,1.9,42,28,34,2.16,1.91,2.55,6,16,190,149,103,87,49,29,3,2,-2,95.96,58.69,78.96,139,125,140,2896,1728,494,4912,3186,958,36,17.2,5.4,10.28,8.91,4.82,-0.33
Cu@MoSe2,1.29,1.17,1.17,5,4,4,6,6,3,6,11,6,3,1.46,2.55,1.77,4.6,4.6,4.7,0.04,1.22,1.5,0.49,0.88,1.16,0.185,0.615,0.67,1.77,1.47,1.4,4.65,4.55,5.17,7.09,7.73,9.75,0.75,1.24,2.02,3.92,4.485,5.89,0.79,0.68,1.84,2.1,2,1.9,42,29,34,2.16,1.9,2.55,6,16,190,145,103,87,47,29,3,1,-2,95.96,63.55,78.96,139,128,140,2896,1357.8,494,4912,3200,958,36,13.1,5.4,10.28,8.92,4.82,-0.01
Zn@MoSe2,1.29,1.25,1.17,5,4,4,6,6,3,6,12,6,3,1.46,2.21,1.77,4.6,4.2,4.7,0.04,1.22,1.5,0.49,0.82,1.06,0.175,0.615,0.67,1.77,1.32,1.4,4.65,4.1,5.17,7.09,9.39,9.75,0.75,0,2.02,3.92,4.695,5.89,0.79,0.88,1.84,2.1,2.1,1.9,42,30,34,2.16,1.65,2.55,6,16,190,142,103,87,38.7,29,3,2,-2,95.96,65.38,78.96,139,136,140,2896,692.7,494,4912,1180,958,36,7.35,5.4,10.28,7.14,4.82,0
Y@MoSe2,1.29,1.62,1.17,5,5,4,6,6,3,6,3,6,3,1.46,2.42,1.77,4.6,3.1,4.7,0.04,1.22,1.5,0.49,1.32,1.62,0.58,0.615,0.67,1.77,1.21,1.4,4.65,3.2,5.17,7.09,6.22,9.75,0.75,0.31,2.02,3.92,3.265,5.89,0.79,1.04,1.84,2.1,2.4,1.9,42,39,34,2.16,1.22,2.55,6,16,190,212,103,87,162,29,3,3,-2,95.96,88.91,78.96,139,180,140,2896,1799,494,4912,3609,958,36,11.4,5.4,10.28,4.47,4.82,0.68
Zr@MoSe2,1.29,1.45,1.17,5,5,4,6,6,3,6,4,6,3,1.46,1.96,1.77,4.6,4,4.7,0.04,1.22,1.5,0.49,1.265,1.56,0.54,0.615,0.67,1.77,1.39,1.4,4.65,3.4,5.17,7.09,6.63,9.75,0.75,0.43,2.02,3.92,3.53,5.89,0.79,0.86,1.84,2.1,2.3,1.9,42,40,34,2.16,1.33,2.55,6,16,190,206,103,87,112,29,3,4,-2,95.96,91.22,78.96,139,160,140,2896,2128,494,4912,4682,958,36,21,5.4,10.28,6.51,4.82,0.72
Nb@MoSe2,1.29,1.34,1.17,5,5,4,6,6,3,6,5,6,3,1.46,1.75,1.77,4.6,4.3,4.7,0.04,1.22,1.5,0.49,1.23,1.53,0.51,0.615,0.67,1.77,1.62,1.4,4.65,4,5.17,7.09,6.76,9.75,0.75,0.89,2.02,3.92,3.825,5.89,0.79,0.82,1.84,2.1,2.15,1.9,42,41,34,2.16,1.6,2.55,6,16,190,198,103,87,98,29,3,3,-2,95.96,92.91,78.96,139,146,140,2896,2750,494,4912,5017,958,36,26.8,5.4,10.28,8.57,4.82,0.8
Mo@MoSe2,1.29,1.29,1.17,5,5,4,6,6,3,6,6,6,3,1.46,1.46,1.77,4.6,4.6,4.7,0.04,1.22,1.5,0.49,1.22,1.5,0.49,0.615,0.67,1.77,1.77,1.4,4.65,4.65,5.17,7.09,7.09,9.75,0.75,0.75,2.02,3.92,3.92,5.89,0.79,0.79,1.84,2.1,2.1,1.9,42,42,34,2.16,2.16,2.55,6,16,190,190,103,87,87,29,3,3,-2,95.96,95.96,78.96,139,139,140,2896,2896,494,4912,4912,958,36,36,5.4,10.28,10.28,4.82,2.27
Tc@MoSe2,1.29,1.27,1.17,5,5,4,6,6,3,6,7,6,3,1.46,1.35,1.77,4.6,4.82,4.7,0.04,1.22,1.5,0.49,1.16,1.49,0.455,0.615,0.67,1.77,1.81,1.4,4.65,5.3,5.17,7.09,7.28,9.75,0.75,0.55,2.02,3.92,3.915,5.89,0.79,0.785,1.84,2.1,2.05,1.9,42,43,34,2.16,1.9,2.55,6,16,190,183,103,87,79,29,3,4,-2,95.96,98,78.96,139,136,140,2896,2430,494,4912,4538,958,36,23,5.4,10.28,11.5,4.82,0.94
Ru@MoSe2,1.29,1.24,1.17,5,5,4,6,6,3,6,8,6,3,1.46,1.29,1.77,4.6,4.6,4.7,0.04,1.22,1.5,0.49,1.145,1.46,0.45,0.615,0.67,1.77,1.83,1.4,4.65,5.4,5.17,7.09,7.36,9.75,0.75,1.05,2.02,3.92,4.205,5.89,0.79,0.76,1.84,2.1,2.05,1.9,42,44,34,2.16,2.2,2.55,6,16,190,178,103,87,72,29,3,3,-2,95.96,101.07,78.96,139,134,140,2896,2607,494,4912,4423,958,36,25.7,5.4,10.28,12.37,4.82,0.61
Rh@MoSe2,1.29,1.25,1.17,5,5,4,6,6,3,6,9,6,3,1.46,1.24,1.77,4.6,4.8,4.7,0.04,1.22,1.5,0.49,1.11,1.41,0.42,0.615,0.67,1.77,1.76,1.4,4.65,5.4,5.17,7.09,7.46,9.75,0.75,1.14,2.02,3.92,4.3,5.89,0.79,0.74,1.84,2.1,2,1.9,42,45,34,2.16,2.28,2.55,6,16,190,173,103,87,66,29,3,3,-2,95.96,102.91,78.96,139,134,140,2896,2237,494,4912,3968,958,36,21.7,5.4,10.28,12.45,4.82,0.05
Pd@MoSe2,1.29,1.28,1.17,5,5,4,6,6,3,6,10,6,3,1.46,3.2,1.77,4.6,5.5,4.7,0.04,1.22,1.5,0.49,1.08,1.37,0.4,0.615,0.67,1.77,1.67,1.4,4.65,5.45,5.17,7.09,8.34,9.75,0.75,0.56,2.02,3.92,4.45,5.89,0.79,0.755,1.84,2.1,2.05,1.9,42,46,34,2.16,2.2,2.55,6,16,190,169,103,87,26.1,29,3,2,-2,95.96,106.42,78.96,139,137,140,2896,1828.1,494,4912,3236,958,36,16.7,5.4,10.28,12.02,4.82,-0.52
Ag@MoSe2,1.29,1.34,1.17,5,5,4,6,6,3,6,11,6,3,1.46,2.9,1.77,4.6,4,4.7,0.04,1.22,1.5,0.49,1.045,1.33,0.385,0.615,0.67,1.77,1.39,1.4,4.65,4.45,5.17,7.09,7.58,9.75,0.75,1.3,2.02,3.92,4.44,5.89,0.79,0.89,1.84,2.1,2.1,1.9,42,47,34,2.16,1.93,2.55,6,16,190,165,103,87,55,29,3,1,-2,95.96,107.87,78.96,139,144,140,2896,1234.9,494,4912,2435,958,36,11.3,5.4,10.28,10.49,4.82,0.04
Cd@MoSe2,1.29,1.41,1.17,5,5,4,6,6,3,6,12,6,3,1.46,2.4,1.77,4.6,4.1,4.7,0.04,1.22,1.5,0.49,0.985,1.23,0.37,0.615,0.67,1.77,1.24,1.4,4.65,4.05,5.17,7.09,8.99,9.75,0.75,0,2.02,3.92,4.495,5.89,0.79,1.09,1.84,2.1,2.2,1.9,42,48,34,2.16,1.69,2.55,6,16,190,161,103,87,46,29,3,2,-2,95.96,112.44,78.96,139,151,140,2896,594.2,494,4912,1040,958,36,6.3,5.4,10.28,8.65,4.82,0.26
Lu@MoSe2,1.29,1.56,1.17,5,6,4,6,6,3,6,3,6,3,1.46,1.94,1.77,4.6,3.1,4.7,0.04,1.22,1.5,0.49,1.36,1.66,0.66,0.615,0.67,1.77,1.24,1.4,4.65,3,5.17,7.09,5.43,9.75,0.75,0.34,2.02,3.92,2.885,5.89,0.79,1,1.84,2.1,2.4,1.9,42,71,34,2.16,1.27,2.55,6,16,190,217,103,87,137,29,3,3,-2,95.96,174.97,78.96,139,173,140,2896,1925,494,4912,3675,958,36,22,5.4,10.28,9.84,4.82,0.7
Hf@MoSe2,1.29,1.44,1.17,5,6,4,6,6,3,6,4,6,3,1.46,1.88,1.77,4.6,3.9,4.7,0.04,1.22,1.5,0.49,1.3,1.61,0.63,0.615,0.67,1.77,1.43,1.4,4.65,3.55,5.17,7.09,6.83,9.75,0.75,0,2.02,3.92,3.415,5.89,0.79,0.85,1.84,2.1,2.25,1.9,42,72,34,2.16,1.3,2.55,6,16,190,208,103,87,103,29,3,4,-2,95.96,178.49,78.96,139,159,140,2896,2506,494,4912,4876,958,36,25.5,5.4,10.28,13.31,4.82,0.75
Ta@MoSe2,1.29,1.34,1.17,5,6,4,6,6,3,6,5,6,3,1.46,1.7,1.77,4.6,4.1,4.7,0.04,1.22,1.5,0.49,1.25,1.54,0.605,0.615,0.67,1.77,1.63,1.4,4.65,4.05,5.17,7.09,7.55,9.75,0.75,0.32,2.02,3.92,3.935,5.89,0.79,0.82,1.84,2.1,2.2,1.9,42,73,34,2.16,1.5,2.55,6,16,190,200,103,87,74,29,3,3,-2,95.96,180.95,78.96,139,146,140,2896,3290,494,4912,5731,958,36,36,5.4,10.28,16.65,4.82,0.84
W@MoSe2,1.29,1.3,1.17,5,6,4,6,6,3,6,6,6,3,1.46,1.5,1.77,4.6,4.5,4.7,0.04,1.22,1.5,0.49,1.22,1.515,0.59,0.615,0.67,1.77,1.81,1.4,4.65,4.8,5.17,7.09,7.86,9.75,0.75,0.82,2.02,3.92,4.34,5.89,0.79,0.8,1.84,2.1,2.1,1.9,42,74,34,2.16,2.36,2.55,6,16,190,193,103,87,68,29,3,4,-2,95.96,183.84,78.96,139,139,140,2896,3695,494,4912,5828,958,36,35,5.4,10.28,19.25,4.82,2.19
Re@MoSe2,1.29,1.28,1.17,5,6,4,6,6,3,6,7,6,3,1.46,1.36,1.77,4.6,5,4.7,0.04,1.22,1.5,0.49,1.19,1.49,0.565,0.615,0.67,1.77,1.86,1.4,4.65,5.4,5.17,7.09,7.83,9.75,0.75,0.15,2.02,3.92,3.99,5.89,0.79,0.77,1.84,2.1,2.05,1.9,42,75,34,2.16,1.9,2.55,6,16,190,188,103,87,62,29,3,4,-2,95.96,186.21,78.96,139,137,140,2896,3459,494,4912,5869,958,36,33,5.4,10.28,21.02,4.82,1.04
Os@MoSe2,1.29,1.26,1.17,5,6,4,6,6,3,6,8,6,3,1.46,1.31,1.77,4.6,4.7,4.7,0.04,1.22,1.5,0.49,1.17,1.48,0.543,0.615,0.67,1.77,1.85,1.4,4.65,5.4,5.17,7.09,8.44,9.75,0.75,1.08,2.02,3.92,4.76,5.89,0.79,0.77,1.84,2.1,2,1.9,42,76,34,2.16,2.2,2.55,6,16,190,185,103,87,57,29,3,4,-2,95.96,190.23,78.96,139,135,140,2896,3306,494,4912,5285,958,36,31,5.4,10.28,22.61,4.82,0.68
Ir@MoSe2,1.29,1.26,1.17,5,6,4,6,6,3,6,9,6,3,1.46,1.24,1.77,4.6,5.3,4.7,0.04,1.22,1.5,0.49,1.16,1.468,0.526,0.615,0.67,1.77,1.83,1.4,4.65,5.55,5.17,7.09,8.97,9.75,0.75,1.56,2.02,3.92,5.265,5.89,0.79,0.765,1.84,2.1,2,1.9,42,77,34,2.16,2.2,2.55,6,16,190,180,103,87,54,29,3,3,-2,95.96,192.22,78.96,139,136,140,2896,2739,494,4912,4701,958,36,26,5.4,10.28,22.65,4.82,0.01
Pt@MoSe2,1.29,1.29,1.17,5,6,4,6,6,3,6,10,6,3,1.46,3.24,1.77,4.6,5.6,4.7,0.04,1.22,1.5,0.49,1.24,1.46,0.51,0.615,0.67,1.77,1.78,1.4,4.65,5.65,5.17,7.09,8.96,9.75,0.75,2.13,2.02,3.92,5.545,5.89,0.79,0.765,1.84,2.1,2.05,1.9,42,78,34,2.16,2.28,2.55,6,16,190,177,103,87,48,29,3,2,-2,95.96,195.08,78.96,139,139,140,2896,2041.4,494,4912,4098,958,36,20,5.4,10.28,21.09,4.82,-0.66
Au@MoSe2,1.29,1.34,1.17,5,6,4,6,6,3,6,11,6,3,1.46,2.92,1.77,4.6,5.1,4.7,0.04,1.22,1.5,0.49,1.21,1.45,0.488,0.615,0.67,1.77,1.57,1.4,4.65,5.15,5.17,7.09,9.23,9.75,0.75,2.31,2.02,3.92,5.77,5.89,0.79,0.99,1.84,2.1,2.1,1.9,42,79,34,2.16,2.54,2.55,6,16,190,174,103,87,36,29,3,1,-2,95.96,196.97,78.96,139,144,140,2896,1337.3,494,4912,3129,958,36,12.5,5.4,10.28,19.3,4.82,-0.43
Hg@MoSe2,1.29,1.44,1.17,5,6,4,6,6,3,6,12,6,3,1.46,2.39,1.77,4.6,4.5,4.7,0.04,1.22,1.5,0.49,1.07,1.34,0.475,0.615,0.67,1.77,1.24,1.4,4.65,4.2,5.17,7.09,10.44,9.75,0.75,0,2.02,3.92,5.22,5.89,0.79,1.16,1.84,2.1,2.05,1.9,42,80,34,2.16,2,2.55,6,16,190,171,103,87,33.9,29,3,1,-2,95.96,200.59,78.96,139,151,160,2896,234.3,494,4912,629.88,958,36,2.29,5.4,10.28,14.19,4.82,0.13
Sc@MoTe2,1.29,1.44,1.37,5,4,5,6,6,3,6,3,6,3,1.46,2.21,1.82,4.6,3.5,4.7,0.04,1.22,1.5,0.49,1.22,1.53,0.31,0.79,0.88,1.77,1.27,1.31,4.65,3.25,4.72,7.09,6.56,9.01,0.75,0.19,1.97,3.92,3.375,5.49,0.79,0.885,2.07,2.1,2.3,2.1,42,21,52,2.16,1.36,2.1,6,16,190,184,123,87,97,38,3,3,-2,95.96,44.96,127.6,139,164,160,2896,1814,722.6,4912,3103,1261,36,16,17.5,10.28,2.99,6.24,0.85
Ti@MoTe2,1.29,1.32,1.37,5,4,5,6,6,3,6,4,6,3,1.46,1.81,1.82,4.6,4.3,4.7,0.04,1.22,1.5,0.49,1.15,1.43,0.28,0.79,0.88,1.77,1.47,1.31,4.65,3.65,4.72,7.09,6.83,9.01,0.75,0.08,1.97,3.92,3.455,5.49,0.79,0.745,2.07,2.1,2.15,2.1,42,22,52,2.16,1.54,2.1,6,16,190,176,123,87,100,38,3,2,-2,95.96,47.87,127.6,139,147,160,2896,1941,722.6,4912,3560,1261,36,18.7,17.5,10.28,4.51,6.24,0.82
V@MoTe2,1.29,1.22,1.37,5,4,5,6,6,3,6,5,6,3,1.46,1.61,1.82,4.6,4.3,4.7,0.04,1.22,1.5,0.49,1.09,1.34,0.26,0.79,0.88,1.77,1.64,1.31,4.65,4.25,4.72,7.09,6.75,9.01,0.75,0.53,1.97,3.92,3.64,5.49,0.79,0.72,2.07,2.1,2.05,2.1,42,23,52,2.16,1.63,2.1,6,16,190,171,123,87,87,38,3,2,-2,95.96,50.94,127.6,139,135,160,2896,2183,722.6,4912,3680,1261,36,22.8,17.5,10.28,6.11,6.24,0.9
Cr@MoTe2,1.29,1.18,1.37,5,4,5,6,6,3,6,6,6,3,1.46,1.33,1.82,4.6,4.5,4.7,0.04,1.22,1.5,0.49,1.07,1.37,0.25,0.79,0.88,1.77,1.73,1.31,4.65,4.65,4.72,7.09,6.77,9.01,0.75,0.68,1.97,3.92,3.725,5.49,0.79,0.69,2.07,2.1,2.05,2.1,42,24,52,2.16,1.66,2.1,6,16,190,166,123,87,83,38,3,2,-2,95.96,52,127.6,139,129,160,2896,2180,722.6,4912,2944,1261,36,20.5,17.5,10.28,7.14,6.24,1.61
Mn@MoTe2,1.29,1.17,1.37,5,4,5,6,6,3,6,7,6,3,1.46,1.26,1.82,4.6,4.1,4.7,0.04,1.22,1.5,0.49,0.99,1.23,0.23,0.79,0.88,1.77,1.61,1.31,4.65,4.45,4.72,7.09,7.43,9.01,0.75,0,1.97,3.92,3.715,5.49,0.79,0.67,2.07,2.1,2.05,2.1,42,25,52,2.16,1.55,2.1,6,16,190,161,123,87,68,38,3,2,-2,95.96,54.94,127.6,139,127,160,2896,1519,722.6,4912,2334,1261,36,13.2,17.5,10.28,7.47,6.24,1.4
Fe@MoTe2,1.29,1.16,1.37,5,4,5,6,6,3,6,8,6,3,1.46,1.16,1.82,4.6,4.5,4.7,0.04,1.22,1.5,0.49,0.95,1.16,0.22,0.79,0.88,1.77,1.77,1.31,4.65,4.93,4.72,7.09,7.9,9.01,0.75,0.15,1.97,3.92,4.025,5.49,0.79,0.725,2.07,2.1,2.05,2.1,42,26,52,2.16,1.83,2.1,6,16,190,156,123,87,62,38,3,2,-2,95.96,55.85,127.6,139,126,160,2896,1811,722.6,4912,3134,1261,36,13.8,17.5,10.28,7.87,6.24,1.04
Co@MoTe2,1.29,1.16,1.37,5,4,5,6,6,3,6,9,6,3,1.46,1.14,1.82,4.6,5,4.7,0.04,1.22,1.5,0.49,0.92,1.1,0.21,0.79,0.88,1.77,1.75,1.31,4.65,5.1,4.72,7.09,7.88,9.01,0.75,0.66,1.97,3.92,4.27,5.49,0.79,0.67,2.07,2.1,2,2.1,42,27,52,2.16,1.88,2.1,6,16,190,152,123,87,55,38,3,2,-2,95.96,58.93,127.6,139,125,160,2896,1768,722.6,4912,3200,1261,36,16.2,17.5,10.28,8.9,6.24,0.67
Ni@MoTe2,1.29,1.15,1.37,5,4,5,6,6,3,6,10,6,3,1.46,2.9,1.82,4.6,5.1,4.7,0.04,1.22,1.5,0.49,0.96,1.22,0.195,0.79,0.88,1.77,1.75,1.31,4.65,5.2,4.72,7.09,7.64,9.01,0.75,1.16,1.97,3.92,4.4,5.49,0.79,0.62,2.07,2.1,2,2.1,42,28,52,2.16,1.91,2.1,6,16,190,149,123,87,49,38,3,2,-2,95.96,58.69,127.6,139,125,160,2896,1728,722.6,4912,3186,1261,36,17.2,17.5,10.28,8.91,6.24,0.29
Cu@MoTe2,1.29,1.17,1.37,5,4,5,6,6,3,6,11,6,3,1.46,2.55,1.82,4.6,4.6,4.7,0.04,1.22,1.5,0.49,0.88,1.16,0.185,0.79,0.88,1.77,1.47,1.31,4.65,4.55,4.72,7.09,7.73,9.01,0.75,1.24,1.97,3.92,4.485,5.49,0.79,0.68,2.07,2.1,2,2.1,42,29,52,2.16,1.9,2.1,6,16,190,145,123,87,47,38,3,1,-2,95.96,63.55,127.6,139,128,160,2896,1357.8,722.6,4912,3200,1261,36,13.1,17.5,10.28,8.92,6.24,0.04
Zn@MoTe2,1.29,1.25,1.37,5,4,5,6,6,3,6,12,6,3,1.46,2.21,1.82,4.6,4.2,4.7,0.04,1.22,1.5,0.49,0.82,1.06,0.175,0.79,0.88,1.77,1.32,1.31,4.65,4.1,4.72,7.09,9.39,9.01,0.75,0,1.97,3.92,4.695,5.49,0.79,0.88,2.07,2.1,2.1,2.1,42,30,52,2.16,1.65,2.1,6,16,190,142,123,87,38.7,38,3,2,-2,95.96,65.38,127.6,139,136,160,2896,692.7,722.6,4912,1180,1261,36,7.35,17.5,10.28,7.14,6.24,0.16
Y@MoTe2,1.29,1.62,1.37,5,5,5,6,6,3,6,3,6,3,1.46,2.42,1.82,4.6,3.1,4.7,0.04,1.22,1.5,0.49,1.32,1.62,0.58,0.79,0.88,1.77,1.21,1.31,4.65,3.2,4.72,7.09,6.22,9.01,0.75,0.31,1.97,3.92,3.265,5.49,0.79,1.04,2.07,2.1,2.4,2.1,42,39,52,2.16,1.22,2.1,6,16,190,212,123,87,162,38,3,3,-2,95.96,88.91,127.6,139,180,160,2896,1799,722.6,4912,3609,1261,36,11.4,17.5,10.28,4.47,6.24,0.87
Zr@MoTe2,1.29,1.45,1.37,5,5,5,6,6,3,6,4,6,3,1.46,1.96,1.82,4.6,4,4.7,0.04,1.22,1.5,0.49,1.265,1.56,0.54,0.79,0.88,1.77,1.39,1.31,4.65,3.4,4.72,7.09,6.63,9.01,0.75,0.43,1.97,3.92,3.53,5.49,0.79,0.86,2.07,2.1,2.3,2.1,42,40,52,2.16,1.33,2.1,6,16,190,206,123,87,112,38,3,4,-2,95.96,91.22,127.6,139,160,160,2896,2128,722.6,4912,4682,1261,36,21,17.5,10.28,6.51,6.24,0.87
Nb@MoTe2,1.29,1.34,1.37,5,5,5,6,6,3,6,5,6,3,1.46,1.75,1.82,4.6,4.3,4.7,0.04,1.22,1.5,0.49,1.23,1.53,0.51,0.79,0.88,1.77,1.62,1.31,4.65,4,4.72,7.09,6.76,9.01,0.75,0.89,1.97,3.92,3.825,5.49,0.79,0.82,2.07,2.1,2.15,2.1,42,41,52,2.16,1.6,2.1,6,16,190,198,123,87,98,38,3,3,-2,95.96,92.91,127.6,139,146,160,2896,2750,722.6,4912,5017,1261,36,26.8,17.5,10.28,8.57,6.24,0.97
Mo@MoTe2,1.29,1.29,1.37,5,5,5,6,6,3,6,6,6,3,1.46,1.46,1.82,4.6,4.6,4.7,0.04,1.22,1.5,0.49,1.22,1.5,0.49,0.79,0.88,1.77,1.77,1.31,4.65,4.65,4.72,7.09,7.09,9.01,0.75,0.75,1.97,3.92,3.92,5.49,0.79,0.79,2.07,2.1,2.1,2.1,42,42,52,2.16,2.16,2.1,6,16,190,190,123,87,87,38,3,3,-2,95.96,95.96,127.6,139,139,160,2896,2896,722.6,4912,4912,1261,36,36,17.5,10.28,10.28,6.24,2.12
Tc@MoTe2,1.29,1.27,1.37,5,5,5,6,6,3,6,7,6,3,1.46,1.35,1.82,4.6,4.82,4.7,0.04,1.22,1.5,0.49,1.16,1.49,0.455,0.79,0.88,1.77,1.81,1.31,4.65,5.3,4.72,7.09,7.28,9.01,0.75,0.55,1.97,3.92,3.915,5.49,0.79,0.785,2.07,2.1,2.05,2.1,42,43,52,2.16,1.9,2.1,6,16,190,183,123,87,79,38,3,4,-2,95.96,98,127.6,139,136,160,2896,2430,722.6,4912,4538,1261,36,23,17.5,10.28,11.5,6.24,1.75
Ru@MoTe2,1.29,1.24,1.37,5,5,5,6,6,3,6,8,6,3,1.46,1.29,1.82,4.6,4.6,4.7,0.04,1.22,1.5,0.49,1.145,1.46,0.45,0.79,0.88,1.77,1.83,1.31,4.65,5.4,4.72,7.09,7.36,9.01,0.75,1.05,1.97,3.92,4.205,5.49,0.79,0.76,2.07,2.1,2.05,2.1,42,44,52,2.16,2.2,2.1,6,16,190,178,123,87,72,38,3,3,-2,95.96,101.07,127.6,139,134,160,2896,2607,722.6,4912,4423,1261,36,25.7,17.5,10.28,12.37,6.24,1.53
Rh@MoTe2,1.29,1.25,1.37,5,5,5,6,6,3,6,9,6,3,1.46,1.24,1.82,4.6,4.8,4.7,0.04,1.22,1.5,0.49,1.11,1.41,0.42,0.79,0.88,1.77,1.76,1.31,4.65,5.4,4.72,7.09,7.46,9.01,0.75,1.14,1.97,3.92,4.3,5.49,0.79,0.74,2.07,2.1,2,2.1,42,45,52,2.16,2.28,2.1,6,16,190,173,123,87,66,38,3,3,-2,95.96,102.91,127.6,139,134,160,2896,2237,722.6,4912,3968,1261,36,21.7,17.5,10.28,12.45,6.24,0.59
Pd@MoTe2,1.29,1.28,1.37,5,5,5,6,6,3,6,10,6,3,1.46,3.2,1.82,4.6,5.5,4.7,0.04,1.22,1.5,0.49,1.08,1.37,0.4,0.79,0.88,1.77,1.67,1.31,4.65,5.45,4.72,7.09,8.34,9.01,0.75,0.56,1.97,3.92,4.45,5.49,0.79,0.755,2.07,2.1,2.05,2.1,42,46,52,2.16,2.2,2.1,6,16,190,169,123,87,26.1,38,3,2,-2,95.96,106.42,127.6,139,137,160,2896,1828.1,722.6,4912,3236,1261,36,16.7,17.5,10.28,12.02,6.24,0.14
Ag@MoTe2,1.29,1.34,1.37,5,5,5,6,6,3,6,11,6,3,1.46,2.9,1.82,4.6,4,4.7,0.04,1.22,1.5,0.49,1.045,1.33,0.385,0.79,0.88,1.77,1.39,1.31,4.65,4.45,4.72,7.09,7.58,9.01,0.75,1.3,1.97,3.92,4.44,5.49,0.79,0.89,2.07,2.1,2.1,2.1,42,47,52,2.16,1.93,2.1,6,16,190,165,123,87,55,38,3,1,-2,95.96,107.87,127.6,139,144,160,2896,1234.9,722.6,4912,2435,1261,36,11.3,17.5,10.28,10.49,6.24,0.06
Cd@MoTe2,1.29,1.41,1.37,5,5,5,6,6,3,6,12,6,3,1.46,2.4,1.82,4.6,4.1,4.7,0.04,1.22,1.5,0.49,0.985,1.23,0.37,0.79,0.88,1.77,1.24,1.31,4.65,4.05,4.72,7.09,8.99,9.01,0.75,0,1.97,3.92,4.495,5.49,0.79,1.09,2.07,2.1,2.2,2.1,42,48,52,2.16,1.69,2.1,6,16,190,161,123,87,46,38,3,2,-2,95.96,112.44,127.6,139,151,160,2896,594.2,722.6,4912,1040,1261,36,6.3,17.5,10.28,8.65,6.24,0.35
Lu@MoTe2,1.29,1.56,1.37,5,6,5,6,6,3,6,3,6,3,1.46,1.94,1.82,4.6,3.1,4.7,0.04,1.22,1.5,0.49,1.36,1.66,0.66,0.79,0.88,1.77,1.24,1.31,4.65,3,4.72,7.09,5.43,9.01,0.75,0.34,1.97,3.92,2.885,5.49,0.79,1,2.07,2.1,2.4,2.1,42,71,52,2.16,1.27,2.1,6,16,190,217,123,87,137,38,3,3,-2,95.96,174.97,127.6,139,173,160,2896,1925,722.6,4912,3675,1261,36,22,17.5,10.28,9.84,6.24,0.89
Hf@MoTe2,1.29,1.44,1.37,5,6,5,6,6,3,6,4,6,3,1.46,1.88,1.82,4.6,3.9,4.7,0.04,1.22,1.5,0.49,1.3,1.61,0.63,0.79,0.88,1.77,1.43,1.31,4.65,3.55,4.72,7.09,6.83,9.01,0.75,0,1.97,3.92,3.415,5.49,0.79,0.85,2.07,2.1,2.25,2.1,42,72,52,2.16,1.3,2.1,6,16,190,208,123,87,103,38,3,4,-2,95.96,178.49,127.6,139,159,160,2896,2506,722.6,4912,4876,1261,36,25.5,17.5,10.28,13.31,6.24,0.87
Ta@MoTe2,1.29,1.34,1.37,5,6,5,6,6,3,6,5,6,3,1.46,1.7,1.82,4.6,4.1,4.7,0.04,1.22,1.5,0.49,1.25,1.54,0.605,0.79,0.88,1.77,1.63,1.31,4.65,4.05,4.72,7.09,7.55,9.01,0.75,0.32,1.97,3.92,3.935,5.49,0.79,0.82,2.07,2.1,2.2,2.1,42,73,52,2.16,1.5,2.1,6,16,190,200,123,87,74,38,3,3,-2,95.96,180.95,127.6,139,146,160,2896,3290,722.6,4912,5731,1261,36,36,17.5,10.28,16.65,6.24,0.99
W@MoTe2,1.29,1.3,1.37,5,6,5,6,6,3,6,6,6,3,1.46,1.5,1.82,4.6,4.5,4.7,0.04,1.22,1.5,0.49,1.22,1.515,0.59,0.79,0.88,1.77,1.81,1.31,4.65,4.8,4.72,7.09,7.86,9.01,0.75,0.82,1.97,3.92,4.34,5.49,0.79,0.8,2.07,2.1,2.1,2.1,42,74,52,2.16,2.36,2.1,6,16,190,193,123,87,68,38,3,4,-2,95.96,183.84,127.6,139,139,160,2896,3695,722.6,4912,5828,1261,36,35,17.5,10.28,19.25,6.24,2.12
Re@MoTe2,1.29,1.28,1.37,5,6,5,6,6,3,6,7,6,3,1.46,1.36,1.82,4.6,5,4.7,0.04,1.22,1.5,0.49,1.19,1.49,0.565,0.79,0.88,1.77,1.86,1.31,4.65,5.4,4.72,7.09,7.83,9.01,0.75,0.15,1.97,3.92,3.99,5.49,0.79,0.77,2.07,2.1,2.05,2.1,42,75,52,2.16,1.9,2.1,6,16,190,188,123,87,62,38,3,4,-2,95.96,186.21,127.6,139,137,160,2896,3459,722.6,4912,5869,1261,36,33,17.5,10.28,21.02,6.24,1.8
Os@MoTe2,1.29,1.26,1.37,5,6,5,6,6,3,6,8,6,3,1.46,1.31,1.82,4.6,4.7,4.7,0.04,1.22,1.5,0.49,1.17,1.48,0.543,0.79,0.88,1.77,1.85,1.31,4.65,5.4,4.72,7.09,8.44,9.01,0.75,1.08,1.97,3.92,4.76,5.49,0.79,0.77,2.07,2.1,2,2.1,42,76,52,2.16,2.2,2.1,6,16,190,185,123,87,57,38,3,4,-2,95.96,190.23,127.6,139,135,160,2896,3306,722.6,4912,5285,1261,36,31,17.5,10.28,22.61,6.24,1.6
Ir@MoTe2,1.29,1.26,1.37,5,6,5,6,6,3,6,9,6,3,1.46,1.24,1.82,4.6,5.3,4.7,0.04,1.22,1.5,0.49,1.16,1.468,0.526,0.79,0.88,1.77,1.83,1.31,4.65,5.55,4.72,7.09,8.97,9.01,0.75,1.56,1.97,3.92,5.265,5.49,0.79,0.765,2.07,2.1,2,2.1,42,77,52,2.16,2.2,2.1,6,16,190,180,123,87,54,38,3,3,-2,95.96,192.22,127.6,139,136,160,2896,2739,722.6,4912,4701,1261,36,26,17.5,10.28,22.65,6.24,1.28
Pt@MoTe2,1.29,1.29,1.37,5,6,5,6,6,3,6,10,6,3,1.46,3.24,1.82,4.6,5.6,4.7,0.04,1.22,1.5,0.49,1.24,1.46,0.51,0.79,0.88,1.77,1.78,1.31,4.65,5.65,4.72,7.09,8.96,9.01,0.75,2.13,1.97,3.92,5.545,5.49,0.79,0.765,2.07,2.1,2.05,2.1,42,78,52,2.16,2.28,2.1,6,16,190,177,123,87,48,38,3,2,-2,95.96,195.08,127.6,139,139,160,2896,2041.4,722.6,4912,4098,1261,36,20,17.5,10.28,21.09,6.24,0.02
Au@MoTe2,1.29,1.34,1.37,5,6,5,6,6,3,6,11,6,3,1.46,2.92,1.82,4.6,5.1,4.7,0.04,1.22,1.5,0.49,1.21,1.45,0.488,0.79,0.88,1.77,1.57,1.31,4.65,5.15,4.72,7.09,9.23,9.01,0.75,2.31,1.97,3.92,5.77,5.49,0.79,0.99,2.07,2.1,2.1,2.1,42,79,52,2.16,2.54,2.1,6,16,190,174,123,87,36,38,3,1,-2,95.96,196.97,127.6,139,144,160,2896,1337.3,722.6,4912,3129,1261,36,12.5,17.5,10.28,19.3,6.24,-0.15
Hg@MoTe2,1.29,1.44,1.37,5,6,5,6,6,3,6,12,6,3,1.46,2.39,1.82,4.6,4.5,4.7,0.04,1.22,1.5,0.49,1.07,1.34,0.475,0.79,0.88,1.77,1.24,1.31,4.65,4.2,4.72,7.09,10.44,9.01,0.75,0,1.97,3.92,5.22,5.49,0.79,1.16,2.07,2.1,2.05,2.1,42,80,52,2.16,2,2.1,6,16,190,171,123,87,33.9,38,3,1,-2,95.96,200.59,127.6,139,151,160,2896,234.3,722.6,4912,629.88,1261,36,2.29,17.5,10.28,14.19,6.24,0.25
